Humidity,Wind Speed (km/h),Pressure (millibars),Apparent Temperature (C)
0.89,14.1197,1015.13,7.388888889
0.86,14.2646,1015.63,7.227777778
0.89,3.9284,1015.94,9.377777778
0.83,14.1036,1016.41,5.944444444
0.83,11.0446,1016.51,6.977777778
0.85,13.9587,1016.66,7.111111111
0.95,12.3648,1016.72,5.522222222
0.89,14.1519,1016.84,6.527777778
0.82,11.3183,1017.37,10.82222222
0.72,12.5258,1017.22,13.77222222
0.67,17.5651,1017.42,16.01666667
0.54,19.7869,1017.74,17.14444444
0.55,21.9443,1017.59,17.8
0.51,20.6885,1017.48,17.33333333
0.47,15.3755,1017.17,18.87777778
0.46,10.4006,1016.47,18.91111111
0.6,14.4095,1016.15,15.38888889
0.63,11.1573,1016.17,15.55
0.69,8.5169,1015.82,14.25555556
0.7,7.6314,1015.83,13.14444444
0.77,7.3899,1015.85,11.55
0.76,4.9266,1015.77,11.18333333
0.79,6.6493,1015.4,10.11666667
0.77,3.9284,1015.51,10.2
0.62,16.9855,1014.4,10.42222222
0.66,17.2109,1014.2,7.566666667
0.8,10.8192,1008.71,11.18333333
0.79,11.0768,1014.47,5.044444444
0.82,6.6493,1014.45,4.816666667
0.83,13.0088,1014.49,4.272222222
0.85,11.1734,1014.52,5.155555556
0.83,12.8156,1014.16,5.527777778
0.78,13.7494,1014.24,7.933333333
0.72,15.6331,1014.25,12.22222222
0.61,17.549,1013.96,15.09444444
0.52,22.7815,1013.85,17.35555556
0.46,23.8924,1013.04,19.00555556
0.4,28.3682,1012.22,20.04444444
0.4,26.9031,1011.44,21.05
0.37,25.6956,1010.52,21.18333333
0.4,25.3092,1009.83,20.11666667
0.36,18.1125,1009.26,20.21666667
0.43,23.4255,1008.76,20
0.5,20.0445,1008.36,17.8
0.53,21.3969,1008.11,16.06111111
0.55,21.3808,1008.15,15.02222222
0.58,20.0123,1007.85,14.42222222
0.59,16.5025,1007.89,14.25555556
0.6,17.0982,1007.36,13.77222222
0.63,14.3612,1007.26,13.28333333
0.87,22.0409,1005.1,5.466666667
0.83,11.3344,1007.01,11.25
0.89,11.2056,1006.73,11.18333333
0.95,10.4006,1006.59,10.69444444
0.93,12.0106,1006.34,11.11111111
0.93,9.2092,1006.09,11.11111111
0.82,9.9015,1005.97,12.16666667
0.79,13.8299,1005.63,12.75555556
0.84,9.0965,1005.83,13.83888889
0.73,0.644,1005.97,16.18333333
0.67,0.6762,1005.64,17.51666667
0.67,3.864,1005.2,17.38333333
0.71,7.8246,1005.1,17.36111111
0.74,15.5848,1004.65,17.20555556
0.81,23.6992,1004.04,15.63333333
0.9,20.9622,1004.08,13.57777778
0.86,22.3951,1004.61,10.91111111
0.99,26.5006,1004.99,5.294444444
0.93,23.2162,1004.85,5.777777778
0.96,25.4219,1004.96,4.605555556
0.96,28.1267,1005.14,3.722222222
0.96,19.2878,1005.05,4.65
0.96,20.447,1004.8,5.072222222
0.93,27.8691,1004.89,4.372222222
0.82,6.7459,1007,6.183333333
0.93,14.9086,1004.3,5.038888889
0.93,25.0355,1003.68,2.616666667
0.93,19.8352,1003.86,3.222222222
0.93,28.0945,1003.57,1.65
0.93,27.9818,1003.96,1.633333333
0.93,30.8637,1004.1,1.494444444
0.8,32.1678,1004.26,2.688888889
0.86,26.5328,1004.18,3.233333333
0.84,28.336,1004.23,3.544444444
0.77,29.8333,1004.47,5.161111111
0.71,28.4809,1004.52,6.644444444
0.71,28.5131,1004.29,6.55
0.71,25.6956,1003.93,11.06666667
0.76,25.3414,1004,10.11666667
0.66,21.413,1004.3,11.03888889
0.7,17.8549,1004,10.65
0.7,15.1984,1004.39,10.05
0.66,15.7297,1005.48,7.716666667
0.71,12.3648,1005.89,6.816666667
0.72,13.8943,1006.37,5.405555556
0.72,9.8049,1006.56,6.122222222
0.75,6.6654,1007.07,6.211111111
0.75,7.1162,1007.37,6.005555556
0.88,3.7191,1012.23,5.438888889
0.76,14.4739,1007.28,4.55
0.7,20.5275,1007.18,3.161111111
0.73,19.3039,1007.39,2.694444444
0.76,17.4363,1007.67,2.8
0.76,20.4148,1007.98,2.438888889
0.76,17.0499,1008.57,2.922222222
0.71,20.5114,1008.87,3.833333333
0.73,17.6456,1009.44,4.244444444
0.72,14.4095,1010.03,4.816666667
0.7,10.7548,1010.22,6.072222222
0.7,4.8622,1010.39,7.583333333
0.65,2.3828,1010.24,9.077777778
0.62,0.322,1010,9.05
0.65,3.2522,1009.98,9.05
0.65,3.0107,1010.05,9.183333333
0.7,10.465,1010.1,7.455555556
0.75,7.3416,1010.39,6.811111111
0.75,9.5151,1010.91,6.433333333
0.82,9.9981,1011.32,6.127777778
0.83,13.685,1011.61,4.805555556
0.84,11.5437,1011.97,5.183333333
0.85,12.719,1012.22,4.111111111
0.88,12.8961,1012.74,3.411111111
0.88,0.6923,1015.35,8.338888889
0.91,5.5384,1013.29,4.111111111
0.94,5.2003,1013.39,2.566666667
0.93,5.6189,1013.45,3.705555556
0.92,4.7656,1013.4,5.211111111
0.92,7.9212,1013.81,4.638888889
0.87,9.7566,1014.7,6.055555556
0.76,9.6922,1014.67,10.05
0.66,14.49,1014.66,12.2
0.63,20.3343,1014.8,12.7
0.58,23.5865,1014.47,13.93333333
0.59,22.2985,1014.16,15.09444444
0.5,14.7154,1014.07,15.15
0.44,14.49,1013.34,16.17777778
0.55,14.7154,1012.72,16.25
0.5,19.5937,1012.38,16.29444444
0.56,14.8281,1012.38,16.1
0.68,11.9784,1012.72,12.95555556
0.64,11.5598,1013.42,13.85
0.69,14.2485,1014.41,12.77777778
0.72,11.2539,1014.89,12.15
0.81,5.7799,1014.91,10.67777778
0.83,2.6404,1014.75,10.44444444
0.8,5.313,1015.55,9.466666667
0.74,11.3827,1015.7,11.02777778
0.93,3.6547,1016.43,7.138888889
0.89,10.8675,1016.56,5.644444444
0.86,6.5205,1017.15,6.611111111
0.86,11.3988,1017.37,4.855555556
0.84,9.66,1018.25,7.038888889
0.84,15.9551,1019.24,7.383333333
0.72,13.1698,1019.83,12.10555556
0.71,13.1698,1020.51,12.77777778
0.65,9.6761,1020.91,13.81111111
0.48,11.2378,1020.6,16.01666667
0.47,12.7029,1020.39,17.12777778
0.43,10.6099,1020.34,17.14444444
0.4,7.9534,1019.7,17.77777778
0.37,2.5921,1018.89,17.77777778
0.43,11.0124,1018.48,17.80555556
0.52,9.1931,1017.87,16.15555556
0.63,9.1609,1017.56,14.05
0.67,9.2736,1017.38,13.08888889
0.72,9.4507,1017.58,12.28888889
0.66,11.0768,1017.65,12.77777778
0.67,13.3791,1017.36,12.72777778
0.69,14.1358,1016.8,12.26666667
0.71,11.3183,1016.64,11.71111111
0.86,9.177,1013.13,10.82777778
0.59,14.168,1014.79,12.2
0.6,14.2968,1014.25,12.2
0.68,13.8299,1013.95,11.68888889
0.77,14.007,1013.63,11.20555556
0.77,15.4882,1013.27,11.13333333
0.77,13.8782,1013.56,11.43888889
0.81,14.4578,1012.85,13.03333333
0.62,25.0194,1012.15,17.24444444
0.53,27.37,1011.71,17.73888889
0.56,22.218,1011.28,17.84444444
0.56,23.5382,1010.99,18.86111111
0.56,19.8996,1010.93,18.66666667
0.56,17.5007,1010.7,17.82222222
0.59,17.6939,1010.52,17.8
0.57,19.5615,1010.69,17.35
0.67,21.8155,1010.86,16.06666667
0.73,17.2753,1011.14,14.93333333
0.78,11.7691,1011.64,13.92222222
0.84,11.0446,1012.02,12.75555556
0.84,11.0607,1012.21,12.75555556
0.86,7.2933,1012.33,12.37222222
0.93,6.923,1012.6,11.18333333
0.9,11.1734,1012.8,11.66666667
0.95,10.3201,1012.66,7.366666667
0.93,11.1734,1012.32,10.57777778
0.89,14.007,1012.33,10.53333333
0.87,7.2933,1012.55,10.58888889
0.89,6.7298,1012.71,9.283333333
0.86,7.889,1013.01,11.02222222
0.75,11.8657,1013.23,13.53888889
0.68,20.0123,1013.31,13.88888889
0.67,17.5812,1013.4,15
0.57,15.9551,1013.27,17.18333333
0.62,16.3093,1013.02,16.2
0.56,17.7744,1013.03,17.75
0.54,19.0785,1012.55,18.40555556
0.59,17.5973,1012.03,17.82222222
0.57,20.3343,1011.81,17.31111111
0.55,13.7172,1011.33,17.50555556
0.54,14.3773,1011.2,17.26666667
0.61,10.8997,1011.5,15.13888889
0.69,4.7173,1011.76,13.25
0.72,4.669,1012.01,12.29444444
0.79,3.5742,1012.31,10.7
0.85,5.7477,1012.51,9.388888889
0.88,11.27,1012.52,7.861111111
0.92,3.1234,1012.61,8.405555556
0.82,9.6278,1011.27,13.01111111
0.96,3.4293,1012.54,7.733333333
0.96,3.3488,1012.44,6.138888889
0.95,2.9946,1012.62,6.472222222
0.96,3.3005,1012.75,6.627777778
0.93,1.4329,1012.96,8.688888889
0.81,2.415,1013.38,11.99444444
0.78,4.1538,1013.14,13.76666667
0.77,7.3738,1013.33,15.08888889
0.68,7.8085,1013.56,16.45555556
0.62,7.3738,1013.61,17.31111111
0.64,8.372,1013.11,17.87222222
0.47,7.0679,1012.69,19.03888889
0.51,10.8675,1012.2,18.97777778
0.55,4.8139,1011.7,19.00555556
0.53,4.7978,1011.4,19.01111111
0.64,10.9319,1011.32,17.86666667
0.62,10.8514,1011.23,17.26666667
0.61,5.0876,1011.5,16.18888889
0.72,9.177,1012.05,14.88333333
0.75,10.9319,1012.15,14.32777778
0.75,6.3756,1012.09,14.51111111
0.75,6.5366,1011.83,14.37222222
0.72,14.2163,1011.45,14.87777778
0.92,3.6064,1012.05,10.40555556
0.83,8.4364,1011.18,12.82222222
0.85,14.4256,1010.07,12.8
0.86,13.8943,1009.83,12.82777778
0.85,15.778,1009.8,12.26666667
0.85,15.5848,1009.99,12.26666667
0.82,12.3809,1010.21,12.18333333
0.8,20.3826,1010.41,12.17222222
0.83,22.0892,1010.33,12.71111111
0.78,22.3468,1010.43,15.60555556
0.78,18.0642,1010.29,16.02222222
0.67,17.6456,1010.1,17.2
0.71,14.0875,1009.96,17.21666667
0.69,13.4113,1009.86,17.82777778
0.69,14.6188,1009.47,17.82777778
0.69,9.2414,1009.63,17.73333333
0.71,23.0713,1009.39,16.27222222
0.93,3.7674,1011.07,13.16666667
0.93,3.1395,1011.23,13.25555556
0.93,10.3362,1011.35,13.01111111
0.91,5.796,1011.67,12.45555556
0.9,9.8854,1011.76,12.48888889
0.8,6.4883,1015.68,8.85
0.79,14.0231,1015.41,10.62222222
0.93,4.5724,1014.98,8.722222222
0.77,10.7709,1015.18,10.53333333
0.83,6.5366,1014.7,8.705555556
0.83,6.0858,1014.64,9.327777778
0.78,10.7065,1014.31,10.36666667
0.89,10.4972,1014.63,7.233333333
0.84,8.0017,1014.82,8.994444444
0.73,2.4633,1014.82,12.2
0.67,9.3058,1015,13.96111111
0.67,7.1645,1014.9,14.94444444
0.71,11.753,1014.35,16.18333333
0.61,7.1323,1014.51,16.36666667
0.57,3.6225,1014.32,17.37222222
0.51,1.7549,1013.93,17.67222222
0.53,8.6779,1013.45,17.72222222
0.61,2.8336,1013.43,16.23888889
0.71,9.2414,1013.58,14.06666667
0.76,7.4221,1013.24,13.95555556
0.8,3.542,1013.7,12.28888889
0.86,3.1073,1014.14,10.02222222
0.86,6.44,1014.34,8.65
0.9,4.6046,1014.6,9.416666667
0.92,3.0268,1011.68,11.82777778
0.91,5.1681,1011.98,10.76111111
0.95,2.8497,1015.64,12.15555556
0.94,5.7155,1012.26,9.188888889
0.94,6.762,1012.63,7.15
0.95,5.6189,1012.62,10.2
0.99,2.254,1012.85,10.11666667
0.99,0.3381,1013.61,10.16111111
0.98,2.7531,1013.9,11.24444444
0.99,2.254,1014.31,12.24444444
0.92,8.0983,1014.43,13.91111111
0.82,2.2862,1014.73,15.61666667
0.86,3.2844,1014.92,15.07222222
0.82,7.5992,1014.73,15.07222222
0.87,10.5616,1014.92,14.26666667
0.81,6.6654,1014.76,16.01666667
0.86,7.7119,1014.37,15.02777778
0.89,7.2772,1014.83,13.94444444
0.95,11.4793,1015.11,12.91666667
0.95,5.2808,1015.14,12.89444444
0.98,2.3506,1015.5,12.4
0.99,8.05,1015.76,12.26666667
0.96,6.1985,1016.35,12.22222222
0.96,2.7692,1016.38,11.25
0.96,3.1556,1016.43,11.52777778
0.96,5.9892,1016.56,11.53888889
0.96,5.9731,1017.23,8.85
0.96,6.279,1016.17,11.43888889
0.96,6.44,1016.25,11.39444444
0.96,6.4239,1016.13,11.52777778
0.93,4.83,1016.17,11.95
1,9.66,1016.45,11.97222222
0.96,7.6636,1016.94,12.63333333
0.96,7.9695,1017.06,12.75555556
0.9,7.9212,1017.45,13.84444444
0.94,10.3845,1017.77,13.17222222
0.86,8.1466,1017.73,15.06666667
0.75,7.1645,1017.53,17.24444444
0.76,13.3469,1017.31,16.31666667
0.74,13.6206,1016.82,17.38333333
0.76,8.2754,1016.6,15.27222222
0.72,5.2808,1016.39,17.45555556
0.77,11.1573,1016.33,16.22222222
0.82,3.6869,1016.52,15.08333333
0.88,1.1431,1016.81,13.99444444
0.92,0.6601,1017.34,12.17222222
0.95,4.8461,1017.54,11.08888889
0.95,3.381,1017.43,11.09444444
0.96,3.3649,1017.65,9.883333333
0.96,6.4239,1017.56,8.633333333
0.96,3.2361,1016.16,9.861111111
0.99,3.3166,1017.16,8.272222222
0.96,2.6243,1017.15,8.866666667
0.96,3.9445,1017.28,8.816666667
1,1.8515,1017.15,7.155555556
0.99,3.4776,1017.36,8.85
0.93,2.8819,1017.7,11.17777778
0.98,3.4293,1017.72,12.38888889
0.88,4.8783,1017.82,14.14444444
0.72,3.059,1017.77,17.1
0.64,4.2021,1017.3,18.93888889
0.68,4.0894,1016.9,17.91666667
0.53,1.2236,1016.4,19.98333333
0.62,9.0643,1015.9,20.07222222
0.56,9.4829,1015.29,20.07222222
0.58,7.4865,1014.9,20.08333333
0.63,9.1287,1014.68,19.08888889
0.62,7.567,1014.78,17.45
0.74,0.5152,1015.04,15.56666667
0.91,3.9445,1015.51,12.49444444
0.89,1.5295,1015.72,12.24444444
0.92,2.9624,1015.79,11.41666667
0.95,6.0375,1015.83,10.55555556
0.93,3.0751,1015.95,10.46666667
0.95,5.2969,1017.13,10.25
0.96,1.5295,1015.82,9.355555556
0.96,3.22,1015.82,8.311111111
0.96,3.3971,1015.89,8.811111111
0.93,6.3434,1015.83,7.933333333
0.93,11.27,1016.12,11.93333333
0.84,1.7066,1016.23,14.51666667
0.68,3.22,1016.23,18.73333333
0.6,7.245,1016.38,20.02777778
0.55,6.4883,1016.66,21.03888889
0.46,6.5044,1016.58,20.73888889
0.48,7.5348,1016.27,22.31666667
0.5,6.4561,1015.96,22.11111111
0.38,1.0143,1015.34,22.73333333
0.37,5.1842,1014.7,22.77777778
0.41,7.2772,1015.2,21.21666667
0.45,1.4812,1014.87,20.18333333
0.68,0.322,1014.78,18.01111111
0.65,0.5313,1015.54,17.42222222
0.82,0,1016.01,13.96111111
0.89,2.8819,1016.52,13.28888889
0.89,2.4794,1016.96,12.32222222
0.95,3.1717,1017.04,11.11666667
0.95,11.27,1017.33,10.53333333
0.8,4.6207,1019.59,12.38333333
0.96,3.0751,1017.25,9.861111111
0.95,1.5295,1017.42,8.872222222
0.94,3.6386,1017.74,8.672222222
1,0,1018.13,7.688888889
0.99,1.61,1018.62,10.91111111
0.82,2.6565,1019.08,14.83888889
0.65,1.5295,1019.11,18.8
0.49,4.8783,1019.5,21.09444444
0.49,4.2826,1019.86,22.02777778
0.47,3.6225,1019.79,22.82777778
0.37,4.5563,1019.47,22.91666667
0.37,6.2951,1019.25,23.91666667
0.4,2.5599,1018.89,23.91111111
0.37,4.347,1018.6,23.93333333
0.32,1.1753,1018.67,23.91666667
0.44,3.1234,1018.59,22.82222222
0.48,0.4025,1018.67,21.22777778
0.51,2.6887,1019.22,19.07777778
0.63,1.5778,1019.88,17.06111111
0.72,3.7513,1019.91,14.90555556
0.87,3.4132,1020.02,13.08333333
0.89,3.2522,1020.11,12.71111111
0.89,3.1717,1020.12,12.12777778
0.84,4.991,1018.38,11.81111111
0.8,6.2629,1019.91,12.01666667
0.8,6.4239,1020.03,12.04444444
0.86,9.7083,1020.39,10.62777778
0.99,9.1448,1020.6,8.688888889
0.9,7.7441,1020.81,12.55555556
0.78,8.7584,1021.01,15.00555556
0.74,12.1877,1020.94,17.33888889
0.67,12.6224,1020.66,19.1
0.57,9.9176,1020.53,21.26111111
0.54,11.4471,1020.16,22.41111111
0.5,8.5491,1019.95,22.93888889
0.47,11.3022,1019.43,23.92777778
0.47,8.3076,1018.97,23.96111111
0.38,8.5813,1018.28,23.96111111
0.42,10.7065,1017.97,23.11111111
0.44,12.4936,1017.68,22.82222222
0.47,5.2164,1017.89,21.11111111
0.58,4.8622,1017.96,18.18888889
0.72,4.6046,1018.31,16.01666667
0.72,6.44,1018.6,15.46666667
0.76,6.7459,1018.65,14.60555556
0.82,3.542,1018.44,13.31111111
0.83,3.0751,1018.23,12.73333333
0.77,6.0858,1014.58,13.78888889
0.88,6.44,1018.11,10.57777778
0.92,3.22,1017.73,10.48333333
0.91,3.7513,1017.7,10.28888889
0.92,1.5617,1017.62,9.972222222
0.9,2.7048,1017.54,13.63888889
0.74,7.245,1017.7,16.73888889
0.65,3.4132,1017.78,18.83888889
0.59,4.6046,1017.3,21.16111111
0.53,4.4275,1017.19,22.58888889
0.48,7.6636,1016.68,22.89444444
0.47,9.66,1016.08,24.00555556
0.35,8.0017,1015.62,24.00555556
0.44,9.2897,1014.86,23.97777778
0.32,3.5903,1013.97,25.04444444
0.35,4.9588,1013.39,24.07777778
0.45,9.4829,1013.18,22.38333333
0.52,3.6869,1013.21,21.20555556
0.62,6.2146,1013.75,18.26111111
0.67,14.49,1014.13,17.2
0.75,3.1073,1014.13,15.99444444
0.79,12.2843,1014.06,15.96111111
0.72,13.846,1013.92,15.44444444
0.75,10.9963,1013.82,14.37222222
0.9,9.982,1012.67,13.60555556
0.82,6.2468,1013.04,12.82222222
0.83,3.3488,1013.03,12.75
0.92,6.2307,1012.98,11.41666667
0.86,2.4633,1012.83,12.33333333
0.78,10.2879,1013.03,14.90555556
0.74,10.2879,1013.13,15.89444444
0.72,12.0589,1013.13,17.22777778
0.73,7.4704,1013.1,17.82777778
0.72,10.0947,1013.17,17.91666667
0.67,9.0965,1013,19.05555556
0.67,7.5187,1012.69,20.14444444
0.62,3.8962,1012.54,20.26111111
0.62,4.6368,1011.87,21.20555556
0.67,4.8944,1011.19,21.25555556
0.66,7.2128,1011.17,20.23333333
0.71,7.6475,1011.08,19.07777778
0.77,10.5777,1011.28,17.94444444
0.82,20.608,1012.08,15.49444444
0.89,8.4364,1012.64,14.14444444
0.86,11.0768,1012.79,14.53888889
0.86,3.6708,1012.79,14.13888889
0.9,3.5098,1012.56,13.4
0.9,3.3488,1012.8,13.42777778
0.74,5.474,1009.9,11.58888889
0.83,10.7709,1011.91,14.42222222
0.86,10.6904,1011.72,13.91666667
0.9,10.3201,1011.51,13.4
0.9,7.9373,1011.51,13.86666667
0.84,11.27,1011.6,14.90555556
0.74,10.6743,1011.59,15.93333333
0.65,19.8996,1011.41,17.12777778
0.58,19.4166,1011.2,18.75
0.6,17.0499,1011.25,18.96111111
0.54,16.8728,1010.98,19.99444444
0.5,17.3397,1010.48,21.11111111
0.46,21.9604,1010.24,21.09444444
0.43,19.8191,1009.55,21.17777778
0.41,16.4703,1009.04,21.22777778
0.45,13.7977,1008.55,20.1
0.51,9.7888,1008.17,19.02777778
0.59,14.0553,1008.46,17.85
0.66,11.2861,1008.94,16.26111111
0.72,13.9426,1009.55,14.98333333
0.65,11.0285,1009.57,14.46666667
0.6,10.8031,1009.53,13.94444444
0.65,11.1734,1009.56,12.31666667
0.66,10.8997,1009.47,11.76111111
0.62,13.1859,1011.18,10.82777778
0.73,10.948,1009.25,10.13888889
0.71,11.109,1008.87,10.62777778
0.69,13.524,1008.82,10.60555556
0.71,15.5848,1008.84,10.07222222
0.71,21.5257,1009.07,11.16111111
0.67,22.9586,1009.23,12.88888889
0.6,26.4845,1009.25,15.05
0.59,26.726,1009.44,15.16111111
0.56,23.3611,1009.76,16.27222222
0.46,28.0623,1009.34,17.8
0.46,27.9013,1009.14,17.93888889
0.41,25.7439,1009.01,18.85555556
0.43,26.3557,1008.83,17.98888889
0.51,25.0516,1008.43,17.96111111
0.47,25.5668,1008.7,17.36111111
0.52,23.3289,1009.03,16.25
0.47,20.0284,1009.42,14.12222222
0.55,14.9569,1010.18,12.95
0.52,22.9425,1010.85,12.24444444
0.57,19.6581,1011.08,11.68888889
0.59,20.7368,1011.22,11.15555556
0.9,5.8443,1014.24,8.627777778
0.9,5.2486,1014.73,8.2
0.77,12.3165,1013.46,7.3
0.93,6.2951,1014.81,7.788888889
0.93,1.8515,1014.35,7.505555556
0.95,9.6761,1014.42,4.194444444
0.93,0.4347,1014.35,5.855555556
1,0.1449,1014.55,5.933333333
1,0.7245,1014.91,10.40555556
0.78,7.2611,1014.44,12.54444444
0.77,3.8801,1014.52,13.86111111
0.63,4.669,1014.75,15.97777778
0.57,5.474,1014.41,17.26666667
0.5,2.6726,1014.02,17.84444444
0.54,3.9928,1013.55,16.42777778
0.46,1.6744,1013.02,17.77777778
0.45,4.4275,1011.95,17.84444444
0.5,5.6672,1012.11,17.3
0.65,12.7351,1012.13,15.18333333
0.7,3.7191,1012.52,13.00555556
0.74,7.9373,1013.08,12.69444444
0.72,9.7083,1013.35,12.19444444
0.71,16.9855,1013.19,12.08333333
0.74,10.8514,1013.54,10.61666667
0.57,16.9855,1011.68,11.6
0.6,16.9211,1011.79,11.02222222
0.6,15.939,1013.76,11.88888889
0.64,16.6474,1011.39,10.41666667
0.67,13.3952,1011.42,10.3
0.72,13.3791,1011.65,7.5
0.68,12.8317,1011.83,7.933333333
0.67,11.1412,1012.42,10.93333333
0.66,7.1806,1012.96,11.65555556
0.55,21.5579,1012.97,13.93888889
0.54,17.3075,1013.36,15.02777778
0.47,24.5203,1013.41,16.03888889
0.51,20.3665,1013.34,15.22777778
0.44,14.4417,1013.62,16.20555556
0.43,18.0159,1013.28,17.3
0.43,15.8263,1012.98,17.77777778
0.38,17.2431,1012.5,17.8
0.39,16.8728,1012.61,17.26111111
0.38,15.3111,1012.88,17.2
0.45,20.9139,1012.98,15.02222222
0.47,13.3469,1013.73,13.92777778
0.57,9.4346,1014.17,12.36666667
0.59,6.7781,1014.46,12.29444444
0.56,14.4095,1014.45,12.78888889
0.76,7.084,1013.49,8.677777778
0.71,14.4256,1013.41,7.966666667
0.91,1.0143,1015.4,4.911111111
0.78,11.6725,1013.19,5.855555556
0.82,14.6188,1012.8,4.755555556
0.82,11.8496,1013.1,5.894444444
0.84,14.49,1013.14,6.538888889
0.84,23.3289,1013.64,5.555555556
0.89,26.8387,1014.12,4.088888889
0.96,22.7815,1014.48,4.333333333
0.95,14.2163,1014.97,5.35
0.95,9.7727,1015.66,6.233333333
0.94,15.778,1015.89,5.455555556
0.81,11.3183,1015.69,10.22777778
0.74,4.2021,1015.59,11.36111111
0.7,1.3041,1015.24,12.45
0.67,3.6869,1014.77,12.91666667
0.62,6.4078,1014.73,12.55
0.69,9.8049,1014.49,12.38333333
0.75,8.4042,1014.7,10.22777778
0.78,9.5151,1015.38,7.811111111
0.87,7.3738,1015.81,6.622222222
0.91,5.796,1015.89,5.727777778
0.91,6.279,1015.9,4.938888889
0.95,5.8926,1015.92,4.15
0.95,10.9158,1015.89,1.705555556
0.89,3.6386,1007.55,9.272222222
0.92,6.0697,1015.21,2.866666667
0.92,6.0697,1015.18,1.666666667
0.92,5.8926,1014.89,2.516666667
0.96,7.9695,1014.29,0.472222222
1,5.2808,1014.35,2.644444444
0.93,9.1126,1014,5.105555556
0.88,15.6814,1013.53,6.533333333
0.79,20.7046,1013.05,11.20555556
0.7,20.1572,1012.74,12.85
0.63,23.9729,1011.92,13.96111111
0.51,23.9568,1010.87,14.97777778
0.57,22.6849,1009.99,14.02777778
0.51,26.7743,1008.85,15.02222222
0.54,20.8817,1007.74,15.04444444
0.5,17.1948,1007.07,15.08888889
0.51,14.1197,1006.26,14.95
0.59,11.1251,1005.77,13.81666667
0.64,11.6886,1005.19,12.91666667
0.59,14.2324,1004.85,13.83888889
0.69,6.2629,1005.49,12.75555556
0.74,18.1286,1005.64,12.65
0.8,11.3183,1005.45,11.68888889
0.88,6.5527,1005.65,10.62777778
0.91,8.7262,1012.87,3.755555556
0.92,6.6171,1006.34,10.05
0.93,2.5921,1006.47,9.977777778
0.95,5.4579,1007.16,9.377777778
0.99,4.7334,1007.18,8.661111111
0.95,20.3504,1007.86,4.261111111
0.93,13.846,1008.4,4.683333333
0.92,23.6187,1008.86,2.011111111
0.85,22.0892,1009.1,2.233333333
0.82,22.1697,1010.06,2.25
0.86,17.7583,1010.67,2.705555556
0.93,17.4524,1011.06,2.711111111
0.93,22.4595,1011.03,3.205555556
0.86,16.1161,1011.14,4.15
0.93,20.4631,1011.61,2.344444444
0.93,21.1393,1011.86,2.305555556
0.93,20.6885,1011.93,1.055555556
0.92,14.0231,1012.4,1.944444444
0.93,14.9408,1013.23,1.816666667
0.93,11.1251,1013.8,2.438888889
0.93,14.1197,1014.08,1.877777778
0.87,15.939,1013.96,1.538888889
0.92,13.9748,1013.9,1.277777778
0.92,14.329,1014.39,1.194444444
0.83,12.1555,1016.82,1.044444444
0.86,13.7977,1014.18,1.844444444
0.83,10.8836,1014.27,2.35
0.89,13.3952,1014.14,1.277777778
0.86,16.8889,1014.11,1.288888889
0.83,15.3433,1014.41,1.483333333
0.84,18.1769,1014.9,1.244444444
0.65,17.3719,1014.98,4.166666667
0.67,16.261,1014.97,5.022222222
0.64,12.9122,1015.52,6.65
0.57,20.4953,1015.64,6.055555556
0.5,23.2162,1015.72,7.1
0.55,19.2878,1015.47,10.09444444
0.46,14.2646,1015.24,11.06111111
0.42,12.558,1015.14,10.13888889
0.42,9.3541,1015.13,11.01111111
0.49,7.6636,1015.39,10.11666667
0.57,4.4597,1015.7,7.916666667
0.63,2.6243,1016.2,7.333333333
0.75,3.059,1016.83,5.05
0.76,6.2629,1017.12,2.422222222
0.77,6.3434,1017.38,2.583333333
0.82,6.2146,1017.32,2.288888889
0.85,10.2879,1017.42,-0.155555556
0.81,5.635,1018.24,3.938888889
0.85,6.0536,1017.33,0.961111111
0.92,5.9248,1017.53,-0.161111111
0.9,3.2361,1017.7,2.155555556
0.92,1.5939,1017.84,0.955555556
0.92,4.5724,1018.13,0.955555556
0.82,0.2254,1018.47,5.594444444
0.66,14.49,1018.32,7.777777778
0.54,1.6744,1018.59,11.07222222
0.48,6.9391,1018.68,11.05555556
0.43,7.1323,1018.49,12.24444444
0.41,9.1609,1018.38,12.85
0.38,9.5795,1018.35,12.88888889
0.4,9.4829,1017.58,12.91666667
0.46,10.3845,1017.37,13.88888889
0.48,12.2038,1017.37,13.02222222
0.49,12.4453,1017.24,12.38333333
0.57,9.8371,1017.45,10.20555556
0.62,7.6475,1017.83,8.088888889
0.68,9.7405,1018.17,6.1
0.65,6.7459,1018.28,6.672222222
0.69,6.2146,1018.37,6.138888889
0.74,6.4078,1018.39,4.783333333
0.76,6.601,1018.49,4.077777778
0.72,13.3791,1015.16,5.988888889
0.82,6.6332,1018.18,2.194444444
0.91,3.4776,1018.29,2.244444444
0.93,6.2307,1018.28,0.227777778
0.92,10.7065,1018.08,-0.866666667
0.89,10.7226,1018.6,0.911111111
0.79,11.8979,1018.66,3.638888889
0.66,11.4793,1018.38,10.00555556
0.52,17.8066,1018.46,12.24444444
0.5,19.6259,1018.34,12.93888889
0.5,20.6241,1017.86,13.98333333
0.44,16.0839,1017.26,15.09444444
0.43,14.7798,1016.76,16.25
0.41,16.1,1016.04,17.26666667
0.38,16.2288,1015.06,17.28888889
0.37,14.1358,1014.68,17.38888889
0.38,14.49,1014.36,17.28888889
0.44,9.7083,1014.16,15.08888889
0.58,10.3845,1014.36,11.71111111
0.61,10.9319,1014.6,11.16111111
0.68,11.1734,1014.69,10.02777778
0.65,13.6206,1014.51,10.13888889
0.87,3.22,1012.02,21.01666667
0.9,6.0375,1012.22,19.44444444
0.81,9.2253,1008.65,20.72222222
0.93,5.9248,1012.11,18.79444444
0.93,3.1234,1011.63,17.73333333
0.95,2.9302,1011.84,17.60555556
0.93,7.8407,1011.81,18.73333333
0.8,1.61,1011.72,22.55555556
0.7,3.1717,1011.86,24.76111111
0.56,1.7388,1011.67,28.03333333
0.55,2.9463,1011.27,30.13888889
0.42,2.7531,1011.07,31.17222222
0.38,7.728,1010.47,32.22222222
0.32,7.3416,1010.07,31.27222222
0.35,7.1645,1009.69,31.41111111
0.38,12.6224,1008.95,32.68888889
0.4,12.0911,1008.2,32.16111111
0.41,8.9194,1007.57,32.51111111
0.39,13.4113,1007.1,30.75
0.5,7.9695,1007.04,29.15
0.59,6.2307,1007.03,28.15
0.65,4.4275,1006.95,24.69444444
0.7,12.8478,1007.07,24.13888889
0.77,11.8496,1007.62,23.12222222
0.92,3.3327,1011.53,15.56111111
0.87,3.3649,1011.34,15.49444444
0.91,3.6225,1008.66,16.53888889
0.9,3.2039,1011.04,13.8
0.9,3.1234,1011.12,13.31666667
0.92,3.6064,1010.9,12.60555556
0.93,3.0912,1011.54,12.32777778
0.87,4.508,1010.85,14.96666667
0.87,8.6135,1010.89,16.26111111
0.92,9.3058,1010.93,16.25
0.89,10.6421,1010.64,18.88888889
0.76,14.0392,1010.56,21.35
0.76,13.9426,1010.5,21.20555556
0.72,10.8192,1010.09,22.33888889
0.66,10.2074,1009.62,23.03333333
0.62,9.4024,1008.8,23.91111111
0.51,7.6636,1008.39,24.97777778
0.58,9.0482,1007.71,23.8
0.53,7.5992,1007.66,23.59444444
0.68,11.27,1007.66,22.50555556
0.78,12.2682,1007.6,20.01666667
0.74,16.1966,1007.87,19.91111111
0.76,13.2664,1008.35,19.35555556
0.85,12.6868,1008.32,17.88333333
0.89,10.5294,1008.16,17.25
0.92,6.3756,1008.15,16.62777778
0.84,3.5259,1009.37,15.84444444
0.92,2.6565,1008.06,17
0.86,6.6332,1007.86,17.06666667
0.79,6.9874,1008.06,16.50555556
0.83,9.4507,1007.87,14.98333333
0.81,12.3809,1007.98,16.02222222
0.81,15.8746,1008.07,16.16111111
0.68,22.1053,1007.86,18.84444444
0.68,20.2055,1007.95,21.11666667
0.62,15.1501,1008.2,22.50555556
0.54,17.2431,1007.95,23.79444444
0.51,15.5848,1008.03,23.88888889
0.44,16.422,1008.03,25.83333333
0.43,21.6867,1007.73,25.92777778
0.42,20.0767,1007.71,25
0.43,18.6599,1007.73,24.94444444
0.45,16.9855,1007.81,24.92777778
0.51,12.397,1008.02,22.8
0.7,7.3255,1008.55,19.33888889
0.78,4.7817,1008.62,17.80555556
0.75,3.4615,1008.73,17.78333333
0.79,6.3434,1009.41,16.48888889
0.83,6.5044,1009.79,15.69444444
0.81,3.3649,1009.69,15.62777778
0.93,4.2182,1007.41,16.21111111
0.84,6.2951,1009.61,15.57777778
0.81,3.3166,1009.32,15.57777778
0.81,3.7191,1009.37,15.60555556
0.83,7.7924,1009.14,15.05
0.73,9.3219,1009.12,17.06666667
0.72,7.4221,1009.19,17.48333333
0.71,8.7745,1009.19,17.66666667
0.69,8.7584,1008.99,18.8
0.67,8.7423,1008.93,19.68333333
0.78,10.626,1008.11,18.82222222
0.77,4.7495,1007.52,20
0.72,7.7924,1007.29,21.15
0.67,11.0124,1006.83,23.65555556
0.6,15.2145,1006.16,23.61666667
0.62,10.6421,1005.9,23.81666667
0.7,25.0033,1005.65,22.03888889
0.7,16.1644,1006.32,19.95
0.8,8.3237,1006.71,18.92222222
0.88,7.8085,1007.17,17.26666667
0.9,5.957,1007.38,16.17777778
0.93,6.3434,1007.32,15.83333333
0.93,6.0053,1007.28,16.73333333
0.97,13.1054,1006.86,16.71111111
0.97,5.474,1009.54,16.26666667
0.97,11.0446,1007.4,16.13888889
0.97,3.0912,1006.87,16.08888889
0.96,2.7692,1007.66,15.55555556
1,3.0268,1007.73,14.51666667
0.99,10.8192,1007.8,17.08888889
0.96,9.5956,1008.39,17.66666667
0.85,10.5133,1008.32,19.79444444
0.74,10.7709,1008.71,22.01666667
0.73,9.4668,1009.28,21.13888889
0.73,15.1018,1009.72,21.04444444
0.89,13.524,1010.77,18.93888889
0.9,3.381,1010.97,18.91666667
0.78,4.7334,1010.28,20.05
0.73,9.0643,1009.53,21.06666667
0.78,0.3703,1009.78,20.05
0.83,0.0644,1009.83,20
0.9,0.0322,1010.18,18.86666667
0.96,3.7835,1010.43,17.95555556
0.97,12.2199,1010.09,17.71111111
0.93,10.6099,1009.92,17.73333333
0.97,5.3935,1010.08,16.79444444
0.97,6.1824,1010.49,16.66666667
0.97,6.2951,1010.1,16.16111111
0.91,5.4096,1013.23,17.01111111
0.97,2.8658,1010.3,16.11666667
0.97,2.8497,1010.48,16.11666667
0.96,5.8121,1010.86,15.55555556
1,3.0751,1010.7,14.00555556
0.93,9.3541,1011.39,16.11666667
0.93,9.0643,1011.92,16.05
0.99,7.5831,1012.57,16.21111111
0.89,7.728,1013.15,17.80555556
0.84,5.2325,1013.59,18.88333333
0.77,7.8729,1013.43,20.18888889
0.67,11.0607,1013.32,22.26666667
0.7,12.9766,1013.49,22.35555556
0.54,10.8675,1013.22,23.86666667
0.58,9.5312,1012.83,23.88888889
0.56,11.8013,1012.85,22.95555556
0.58,10.8192,0,22.47777778
0.7,4.5885,1012.28,20.85555556
0.82,0.7728,1012.44,19.16111111
0.84,9.1126,1012.44,17.73333333
0.81,6.2468,1012.62,18.23888889
0.88,1.6261,1013.45,17.81666667
0.84,12.9444,1013.41,17.71111111
0.9,3.0912,1013.5,17.2
0.9,2.6243,1015.55,15.30555556
0.93,3.2522,1013.21,16.55
0.96,6.0053,1013.21,16.09444444
0.93,2.4633,1013.5,15.55
0.93,4.7334,1013.79,14.93333333
0.93,7.9051,1014.1,17.08888889
0.85,7.3738,1014.13,18.65555556
0.79,11.0768,1014.61,19.81111111
0.73,7.7924,0,21.06111111
0.63,11.1734,1015.48,22.20555556
0.57,12.558,1015,22.75
0.54,13.6045,1015.18,23.79444444
0.51,10.8353,1015.29,23.48333333
0.53,10.787,1015.17,23.96111111
0.5,10.8031,1014.96,24.95
0.53,12.3004,1014.66,23.95555556
0.5,12.2843,1014.77,23.95555556
0.54,3.0912,1014.68,23.86111111
0.75,0.5474,1015.04,19.26666667
0.87,3.1073,1015.58,17.28888889
0.93,3.1395,1015.88,16.62222222
0.87,3.3005,1015.95,16.67222222
0.93,2.2862,1015.99,15.07222222
0.93,3.0268,1015.89,14.51666667
0.8,12.3326,1012.82,17.84444444
0.93,3.1556,1015.98,14.44444444
0.96,3.1234,1015.71,13.88888889
0.9,5.6028,1015.63,14.43333333
0.87,4.6207,1015.59,14.92777778
0.82,8.9999,1015.49,17.04444444
0.78,8.694,1015.64,18.78888889
0.73,12.3004,1015.46,21.16111111
0.62,12.7029,1015.35,23.86666667
0.56,15.3594,1015.21,24.96666667
0.47,14.4417,1014.56,26.13333333
0.44,15.8907,1014.36,27.26111111
0.39,14.6349,1014.11,27.35555556
0.4,15.9229,1013.56,27.5
0.39,15.778,1013.07,27.4
0.37,13.5723,1012.83,27.37777778
0.43,10.7226,1012.55,26.15555556
0.54,7.9856,1012.46,23.97777778
0.58,10.6421,1012.52,22.57222222
0.6,10.8997,1012.58,21.13888889
0.67,10.9319,1012.41,20.43888889
0.7,10.3362,1012.66,20.42777778
0.74,11.0124,1012.6,19.35555556
0.76,10.8353,1012.59,18.75
0.85,10.143,1012.55,19.87777778
0.84,13.9265,1012.09,17.22222222
0.87,14.3451,1012.11,16.64444444
0.88,10.0142,1012.39,16.55
0.87,9.4829,1012.38,16.09444444
0.84,10.9963,1012.66,17.66666667
0.7,14.812,1012.65,20.78333333
0.67,15.4721,1012.39,22.73333333
0.55,16.8567,1012.47,26.01666667
0.58,13.2825,1012.91,26.12777778
0.51,9.66,0,29.61111111
0.51,10.8031,1012.36,29.75
0.45,7.6475,1012.33,31.71111111
0.36,11.1734,1011.95,30.6
0.41,11.27,1011.74,31.26111111
0.41,10.7709,1011.73,31.32777778
0.48,11.0768,1011.45,30.70555556
0.58,9.177,1011.65,29.07222222
0.66,7.9695,1011.99,25.40555556
0.79,4.6207,1012.36,22.75555556
0.79,6.5849,1012.47,22.68888889
0.84,6.5044,1012.57,21.2
0.81,6.3917,1012.66,21.55
0.82,10.8353,1012.39,21.43888889
0.92,2.898,1015.42,19.50555556
0.88,13.4918,1012.38,19.86111111
0.87,10.948,1012.48,19.33333333
0.91,10.1591,1012.44,18.75
0.9,7.9856,1012.47,18.84444444
0.87,10.9963,1012.85,19.91111111
0.81,14.49,1012.81,22.10555556
0.69,16.0195,0,24.95
0.74,11.1573,1013.17,25
0.67,13.7816,1014,29.12777778
0.62,16.0034,1013.21,29.62777778
0.5,17.388,1012.98,31.27222222
0.45,23.667,1012.5,31.68888889
0.47,17.5168,1012.44,32.45555556
0.42,16.2932,1012.52,32.91111111
0.4,12.3809,1012.62,33.17777778
0.44,10.1591,1012.44,31.62222222
0.54,8.372,1012.65,30.16666667
0.64,7.7441,1013.44,26.47777778
0.73,8.05,1014.17,22.91666667
0.73,6.7298,1014.58,23.38333333
0.83,3.5098,1015.15,22.45
0.77,6.0536,1015.69,22.6
0.9,3.5581,1015.99,19.98333333
0.87,3.0751,1016.78,20.95555556
0.9,3.703,1016.49,18.87222222
0.93,6.4078,1016.69,18.33888889
0.93,5.6028,1016.84,18.85
0.99,4.7978,1017.27,17.27777778
0.87,4.9588,1017.3,19.91666667
0.74,7.9212,1017.88,23.6
0.61,10.9319,1017.85,25.99444444
0.55,12.7029,1017.78,28.62222222
0.5,15.9068,1018.19,29.36666667
0.47,20.2538,1018.67,30.38888889
0.45,17.227,1018.15,31.59444444
0.41,11.2539,1017.78,32.42222222
0.42,15.4399,1016.77,32.75
0.39,17.3236,1017.07,32.22777778
0.44,17.1626,1017.26,31.68888889
0.44,12.3809,1017.23,31.62222222
0.64,10.8031,1016.27,28.80555556
0.68,0.8855,1016.14,25.45555556
0.84,4.6207,1017.94,22.8
0.79,6.1824,1017.58,23.21666667
0.85,2.7853,1017.7,22.23888889
0.84,23.8602,1008.14,20.41666667
0.85,10.3684,1008.38,19.88333333
0.92,6.5688,1009.23,16.81111111
0.9,10.1913,1007.8,19.37777778
0.93,4.9105,1007.64,18.86666667
0.93,5.8121,1007.73,18.88333333
0.97,5.1198,1008.14,17.87222222
0.99,4.8783,1009.1,18.93888889
0.92,9.7727,1009.47,20.08888889
0.87,12.3326,1009.31,21.08888889
0.81,12.7995,1009.21,22.17777778
0.71,16.1805,1009.38,23.53333333
0.69,14.2646,1009.41,23.84444444
0.62,12.719,1009.02,24.95555556
0.58,10.7065,1009,25.92222222
0.62,15.8746,1008.75,24.96111111
0.58,17.0338,1008.94,24.79444444
0.62,20.1572,1008.76,23.75555556
0.68,21.8316,1008.95,22.12777778
0.68,13.7172,1008.93,21.06111111
0.68,10.4489,1009.29,21.06666667
0.84,3.3649,1009.42,18.86666667
0.84,6.4078,1009.53,18.26666667
0.86,5.9731,1009.78,17.87777778
0.9,3.1878,1017.18,21.08888889
0.87,6.1502,1016.9,21.55
0.85,9.3058,1017.18,18.78333333
0.93,3.2683,1016.59,19.97777778
0.88,6.3595,1016.39,20.99444444
0.88,4.7978,1016.52,19.98888889
0.97,0,1016.34,18.86666667
0.82,3.22,1016.64,22.08888889
0.75,0.966,1016.74,23.77222222
0.6,0.805,1017.06,28.33888889
0.55,5.2486,1016.71,30.06111111
0.55,8.8872,1017,33.38333333
0.46,8.211,1016.81,33.46111111
0.5,11.3827,1016.61,35.49444444
0.44,13.7011,1015.91,34.13333333
0.43,12.6546,1016.18,32.97777778
0.45,14.2163,1015.69,31.9
0.42,8.7423,1015.82,32.73888889
0.45,12.4453,1014.89,31.72222222
0.55,7.5992,1015.24,30.12777778
0.65,4.4758,1014.74,26.41111111
0.75,3.22,1014.62,23.81666667
0.79,12.397,1014.73,23.31111111
0.72,11.9623,1014.5,24.53888889
0.72,30.8315,1015.64,21.96666667
0.79,20.0284,1016.93,19.88333333
0.86,10.8353,1016.56,14.98888889
0.9,11.431,1017.74,17.77777778
0.89,11.5598,1018.25,17.22222222
0.87,6.9874,1018.2,16.76666667
0.81,12.4614,1017.76,17.17777778
0.78,16.9211,1018.34,17.71111111
0.83,10.6421,1019.16,17.76111111
0.73,15.778,1018.74,19.90555556
0.68,9.8532,1019.29,21.11666667
0.68,9.5956,1019.01,21.19444444
0.64,9.8371,1018.68,22.25
0.72,7.9534,1017.99,21.25555556
0.63,11.0607,1017.66,22.64444444
0.62,10.8997,1016.61,22.80555556
0.7,10.7548,1016.11,22.82777778
0.66,5.5223,1015.78,22.63333333
0.82,12.2521,1015.5,20.18888889
0.77,9.4024,1015.4,20.18333333
0.88,4.9588,1015.46,19.07222222
0.95,3.5259,1015.91,17.87222222
0.92,6.5849,1016.15,17.25
0.89,6.9552,1016.35,16.32777778
0.87,6.9391,1016.27,15.05555556
0.83,11.5598,1016.44,14.98888889
0.95,4.4436,1016.42,13.20555556
0.9,6.9552,1016.05,13.36666667
0.84,11.5598,1015.86,14.31666667
0.84,16.8889,1015.97,14.33888889
0.9,2.0286,1015.85,12.74444444
0.83,12.9444,1016.03,14.85
0.75,10.948,1016.04,17.47222222
0.64,15.8585,1015.63,19.97777778
0.59,12.8156,1015.79,22.17777778
0.53,15.1018,1015.85,22.7
0.48,19.9479,1015.69,23.91111111
0.42,13.5401,1015.48,24.95
0.39,13.8782,1015.01,25.01111111
0.42,14.5222,1014.67,25.01666667
0.42,14.5222,1014.21,24.92777778
0.44,10.9319,1014.3,23.99444444
0.45,16.0195,0,23.81111111
0.59,11.3827,0,21.16111111
0.65,9.0643,1015.08,19.85
0.86,3.6708,1016.47,17.2
0.89,3.7835,1016.49,16.68888889
0.91,3.5742,1016.29,16.27777778
0.92,3.7191,1016.11,15.02777778
0.95,3.7674,1016.23,13.96111111
0.9,6.3112,1016.4,13.24444444
0.93,3.9767,1016.33,13.31666667
0.95,3.7191,1016.49,12.3
0.95,6.6815,1016.49,12.55
0.93,5.313,1016.41,12.20555556
0.93,9.6761,1016.32,13.80555556
0.81,13.8138,1016.58,16.15555556
0.78,14.4739,1016.6,17.78333333
0.68,15.7136,1016.62,19.93333333
0.62,19.0141,1016.97,21.08333333
0.61,15.8746,1016.73,20.02777778
0.68,14.1841,1016.71,20.07777778
0.63,14.0875,1016.7,20.97777778
0.63,13.7655,1015.96,22.33888889
0.54,13.7172,1015.39,23.73333333
0.54,13.9748,1015.38,22.66111111
0.57,11.4954,1015.1,22.77777778
0.63,13.8782,1015.09,21.13888889
0.73,8.4686,1015.48,18.03333333
0.81,1.9159,1015.81,16.21111111
0.84,6.3917,1016.01,16.09444444
0.87,6.4239,1016.38,15.57222222
0.92,3.3649,1016.4,13.9
0.9,3.381,1016.32,13.85555556
0.81,8.4042,1012.2,15.18888889
0.96,3.059,1016.1,11.67777778
0.96,3.3488,1015.9,11.09444444
0.96,6.0375,1015.71,10.78888889
0.93,4.508,1015.5,11
0.99,1.5617,1015.59,12.6
0.8,1.6905,1015.36,17.52222222
0.68,4.8139,1015.07,19.98888889
0.59,9.8371,0,22.25
0.52,10.1591,1015.26,22.94444444
0.47,11.2539,1014.85,24.95555556
0.45,11.109,0,25.05
0.41,4.6529,1014,25.98333333
0.43,8.2432,1013.44,26.13333333
0.42,9.5956,1012.85,25.06666667
0.38,7.8729,1012.46,25.21111111
0.42,11.2056,1011.84,25.04444444
0.53,8.1144,1011.46,22.33333333
0.6,5.3291,1011.45,20.31111111
0.7,7.6636,1011.97,17.75555556
0.69,6.2951,1011.7,18.17222222
0.72,10.4328,1011.63,17.26111111
0.71,10.6582,1011.78,17.06111111
0.71,6.5044,1011.49,16.62222222
0.91,1.5939,1010.6,14.76111111
0.8,3.1717,1011.15,15.06666667
0.81,3.3649,0,16.16111111
0.9,9.499,1011.12,15.11666667
0.87,4.669,1009.87,15.02222222
0.76,10.787,1009.79,17.10555556
0.76,10.6582,1009.36,17.29444444
0.73,9.5312,1008.64,20.9
0.62,15.8907,0,22.65
0.63,12.4131,1009.18,22.58888889
0.65,14.0231,1009.8,22.03888889
0.64,4.3148,0,22.22222222
0.65,9.4185,1009.32,22.33333333
0.66,9.3058,1008.86,22.82777778
0.59,15.6492,1008.57,23.81666667
0.62,9.9981,1008.64,22.86111111
0.66,14.5705,0,22.7
0.65,12.6546,1008.44,22.01666667
0.74,8.5652,1009.24,19.92222222
0.84,8.4686,1009.72,17.71111111
0.81,5.4096,0,17.22222222
0.84,4.1538,1010.38,17.25555556
0.87,6.5044,1010.12,16.06666667
0.9,3.5259,1010.41,16.02222222
0.82,10.0142,1010.76,15.09444444
0.96,2.3828,1010.49,13.79444444
0.96,9.0321,1010.4,13.35555556
0.95,2.9141,1010.76,13.91666667
0.93,1.771,0,13.83888889
1,8.0178,0,13.88888889
0.93,7.7119,1010.71,15.2
0.84,5.1681,0,17.75
0.64,7.4382,1010.88,21.03888889
0.59,10.8997,1010.61,22.2
0.51,10.6904,1010.68,22.77777778
0.48,8.6457,0,23.88888889
0.45,7.728,1010.25,24.81111111
0.45,9.8693,1009.8,24.92777778
0.42,12.6224,1009.61,24.92777778
0.42,3.0107,1009.49,24.87222222
0.45,8.4686,0,23.83888889
0.55,5.2647,0,22.17222222
0.69,5.1359,1009.86,18.46111111
0.81,3.5259,1010.23,16.13333333
0.84,6.4078,1010.63,15.55555556
0.81,6.2951,1010.37,15.6
0.85,6.2468,1010.82,14.07222222
0.83,6.3434,1011.02,14.46111111
0.83,13.2342,1011.18,16.72222222
0.79,3.1878,1010.85,15.48888889
0.9,3.3005,0,13.88888889
0.9,3.4776,1011.01,12.67222222
0.9,0.3703,1011.02,13.83888889
0.87,7.9373,0,15.05
0.79,7.7763,1011.32,17.71111111
0.63,5.4096,1011.38,21
0.57,7.9373,1011.39,22.66666667
0.51,4.4275,1011.36,23.66666667
0.45,9.3058,1011.19,24.93333333
0.46,10.5777,1011.21,24.86111111
0.42,7.2933,1011.18,24.83888889
0.45,0.644,1010.88,25
0.39,4.3148,0,26.11111111
0.4,4.3309,1010.15,25.91111111
0.48,6.9391,0,23.88888889
0.59,3.22,0,21.11111111
0.72,4.508,1010.72,18.24444444
0.75,0.6118,1010.82,17.24444444
0.81,3.5259,1010.9,16.17777778
0.74,5.5223,1010.76,17.79444444
0.78,3.4615,1010.67,16.66666667
0.81,8.1144,0,16.18888889
0.95,4.7978,1007.87,13.35
0.93,20.8656,1011.3,15.55555556
0.93,24.0695,1011.13,15
0.96,16.2932,1011.26,14.51666667
0.93,20.7368,0,15
0.93,14.6188,0,15
0.94,14.5544,1011.02,15
0.93,12.5258,1011.43,15.11666667
0.93,15.4882,1011.71,15.11666667
0.92,12.2682,1011.77,16.24444444
0.84,9.5795,1011.38,17.87222222
0.73,3.0751,1011.07,19.05
0.67,4.0572,1010.78,20.91666667
0.63,8.3398,0,21.06111111
0.63,8.6135,0,21.11111111
0.61,8.5008,1009.34,21.21111111
0.67,8.2271,1009.19,20.07222222
0.77,8.1305,1008.91,17.89444444
0.79,5.3291,1008.8,17.48888889
0.86,9.8854,1008.79,16.16111111
0.81,8.3398,0,16.16111111
0.87,6.8747,1008.42,15.16666667
0.93,3.4776,1007.98,13.87222222
0.96,6.2307,1007.77,12.75555556
0.95,3.2039,1008.45,12
1,4.8783,0,12.75
0.96,6.2468,1005.9,13.35555556
0.95,6.0053,1005.48,13.58333333
0.93,7.7924,1004.72,13.91111111
0.93,9.8693,0,14.95
0.93,9.7727,1005.79,14.92222222
0.93,14.4417,1005.36,14.90555556
0.93,24.5203,1006.15,13.91111111
0.87,15.8907,1006.97,14.97222222
0.8,22.2341,0,16.16111111
0.65,26.4201,0,17.82777778
0.53,27.9013,1007.57,18.77222222
0.49,24.3432,0,19.9
0.45,25.9049,0,19.95
0.46,21.3647,1008.12,19.10555556
0.43,20.1572,1008.18,18.93333333
0.58,5.1359,1008.59,16.22777778
0.73,8.3881,1009.18,14.30555556
0.89,9.3058,1009.39,12.85
0.92,6.3112,1009.47,12.75555556
0.92,7.2128,1009.31,12.38333333
0.87,6.44,1009.64,17.13888889
0.9,6.2951,1010.11,16.62222222
0.9,14.8281,1004.26,19.36111111
0.9,6.4239,1009.6,16.01666667
0.9,2.9624,1009.2,16.03888889
0.93,6.1824,1008.88,16.12222222
0.88,3.0107,1008.6,17.06111111
0.87,1.61,1008.32,17.2
0.9,3.2361,1008.62,17.78333333
0.96,7.5348,1008.67,17.85
0.96,7.5992,1008.19,17.87222222
0.94,9.4024,1007.67,18.08888889
0.89,4.4114,1006.8,19.08333333
0.68,11.9945,1006.09,22.25555556
0.67,8.5491,1005.68,22.68333333
0.59,12.1877,1005.02,24.78888889
0.64,14.1197,1004.12,24.87777778
0.64,13.4918,1003.33,24.88333333
0.65,9.4668,1002.93,24.83333333
0.7,10.1752,1002.6,23.61111111
0.82,4.2504,1002.35,22.12777778
0.87,15.3111,1003.04,19.92777778
0.9,10.8836,1003.02,19.88333333
0.93,8.6296,1001.94,19.92222222
0.95,3.3327,1009.1,11.64444444
0.93,2.3989,1009.54,11.08333333
0.89,9.9176,1014.72,11.32222222
0.99,3.4293,0,12.17222222
0.99,3.0751,0,12.17222222
0.92,2.7048,1008.47,12.69444444
0.99,10.7709,1008.22,12.2
0.92,9.5312,1008.53,12.22222222
0.93,8.8872,1009.56,12.30555556
0.93,15.8907,0,12.25
0.92,10.1591,0,12.3
0.9,10.7065,1010.08,12.73888889
0.9,12.9122,1009.68,12.82777778
0.89,16.2127,1010.53,12.87222222
0.9,17.8871,1010.87,13.76666667
0.89,16.5186,0,13.93888889
0.89,15.1501,0,13.98888889
0.84,13.4757,1012.2,14.91111111
0.82,11.4471,1012.52,15.07222222
0.89,11.6886,0,13.93888889
0.89,11.9623,1013.73,13.08888889
0.83,12.8639,1014.33,12.85
0.8,11.914,0,12.3
0.85,14.5061,1015.13,12.71111111
0.86,11.5115,1015.16,12.22222222
0.86,14.2485,1015.45,11.66666667
0.78,18.6116,1019.31,13.46111111
0.86,14.5061,1015.71,11.11666667
0.77,25.76,0,12.77777778
0.85,14.6188,1015.96,11.11111111
0.86,12.9927,1016.1,11.16111111
0.77,17.5329,1016.22,12.71111111
0.78,17.3558,1016.5,12.78888889
0.77,18.2252,0,13.88888889
0.68,33.9066,1016.52,15.94444444
0.75,27.7403,1016.96,15.28333333
0.83,23.9246,1017.1,15.01666667
0.83,28.3199,1017.05,14.99444444
0.88,27.7242,1017.4,14.09444444
0.82,30.5256,1017.35,15.13888889
0.77,36.386,1017.18,16.16111111
0.73,27.1768,1017.73,17.06111111
0.72,26.5328,0,17.22222222
0.72,26.4201,0,16.11111111
0.78,17.1626,1018.92,15
0.78,21.2198,0,15
0.78,17.8871,1019.41,14.97777778
0.78,16.4703,1019.79,14.33333333
0.97,10.8192,1000.81,19.4
0.93,5.5384,1001.41,19.42222222
0.95,5.5223,1007.96,15.82777778
0.91,3.0268,1002.68,19.28333333
0.94,3.1717,1002.46,18.79444444
0.97,5.8121,1003.36,17.82222222
1,7.4221,1003.74,17.75555556
0.93,2.9946,1003.22,18.77222222
0.93,7.1967,1004.13,18.76666667
1,3.1395,1004.59,17.71111111
0.97,8.4847,1004.91,17.71111111
0.9,8.3237,1004.34,18.78888889
0.87,11.0446,1004.95,19.79444444
0.87,10.9319,1005.32,19.93333333
0.82,8.8711,1005.05,20.89444444
0.86,8.0983,1005.04,19.93333333
0.92,16.583,1005.57,18.91666667
0.92,12.9444,1006.05,19.02222222
0.89,10.7226,1006.58,18.96111111
0.89,7.8407,0,18.88888889
0.9,2.2218,1006.79,18.81111111
0.93,9.499,1007.16,17.15555556
0.93,6.279,1008.3,17.59444444
0.94,3.0751,1008.67,16.62777778
0.97,2.9463,1008.74,16.46111111
0.96,6.279,1009.31,15.44444444
0.93,3.542,1011.44,13.65
0.96,2.9463,1009.5,14.36111111
0.96,3.2522,1009.51,13.82777778
0.96,3.5903,1009.21,13.43888889
0.99,14.1036,1008.96,13.82777778
0.93,12.7995,1009.43,14.91111111
0.93,3.0912,1009.87,15.05555556
0.87,7.9695,1010.29,16.13888889
0.87,5.0393,1010.37,16.22777778
0.87,10.5455,1010.19,17.25555556
0.86,9.5312,1010.13,17.41111111
0.83,10.9158,1010.3,17.93888889
0.77,9.1609,1010.46,19.08333333
0.72,11.1734,1010.46,20.16111111
0.59,12.4292,1010.27,22.26666667
0.55,7.8085,1010.23,22.5
0.62,12.6546,1009.81,21.22777778
0.67,7.9373,1009.92,21.10555556
0.73,6.9069,1010.35,19.05555556
0.81,4.8783,0,17.25
0.86,8.3398,0,16.16111111
0.89,6.3756,1011.69,15.32777778
0.92,9.7405,0,13.98888889
0.93,7.9695,0,13.93888889
0.95,2.8175,1009.59,15.40555556
0.93,2.9624,1011.68,12.73888889
0.93,6.0053,1011.29,12.73888889
0.96,5.9731,1011.4,12.42222222
1,3.059,1011.57,12.17777778
0.93,9.3702,1011.67,13.91666667
0.8,8.6457,1011.78,17.55555556
0.69,12.1877,1011.65,19.90555556
0.64,12.4936,1011.57,21.01666667
0.64,13.1215,1011.59,22.03888889
0.56,14.1036,1011.27,22.10555556
0.55,17.1626,1010.78,23.74444444
0.54,16.0517,1010.6,24.59444444
0.54,13.6689,1010.23,22.65
0.51,10.8031,1010.01,23.75
0.5,10.1913,1010.09,23.77222222
0.59,10.5616,1009.97,22.24444444
0.64,4.4275,1009.88,22.10555556
0.76,2.6565,1009.95,19.19444444
0.87,1.4168,1010.18,17.24444444
0.9,3.1073,1010.27,16.71111111
0.9,2.9302,1010.15,16.76111111
0.95,3.1556,1009.8,15.14444444
0.93,6.1985,1009.6,15.67222222
0.96,4.7173,1005.11,16.18888889
0.9,6.2307,1008.58,16.06666667
0.93,5.9248,1008.02,16.06666667
0.95,6.1663,1007.9,15.7
0.93,3.22,1007.5,16.04444444
0.93,1.6744,1007.01,17.17777778
0.89,4.5724,1007.03,17.92222222
0.74,7.5831,1006.61,19.88333333
0.74,7.6314,1006.43,20.92777778
0.65,10.9802,1006.24,22.05
0.64,9.338,1006.27,22.17222222
0.59,13.7011,1005.59,23.66111111
0.6,14.329,1005.04,22.2
0.61,14.8764,1004.61,21.96666667
0.61,16.3898,1004.14,21.9
0.73,14.9247,1004.31,20.04444444
0.79,13.8138,1004.08,18.86666667
0.81,11.0607,1003.89,18.86666667
0.9,4.991,1004.09,17.87222222
0.93,3.2039,1004.12,17.22222222
0.93,5.2808,1004.22,17.22222222
0.97,3.7352,1004.4,16.76666667
0.97,3.4776,1004.25,16.68888889
0.97,10.7548,1004.35,17.15
0.96,5.7155,1007.33,14.93333333
0.97,10.8192,1004.15,16.62222222
0.97,10.8514,1003.95,16.06111111
0.96,10.6421,1004.14,15.67777778
0.93,7.7602,1004.13,16.13333333
0.99,9.4185,1004.32,16.18333333
0.94,10.4972,1004.81,17.19444444
0.9,13.9265,1004.94,17.77777778
0.79,13.7977,1005.23,19.88333333
0.79,18.3379,1005.19,19.93888889
0.67,16.8245,1005.35,22.62222222
0.68,17.3558,1005.35,22.16111111
0.78,17.0016,1005.57,21.12222222
0.68,20.6885,1005.62,22.2
0.66,22.1053,1005.36,22.75555556
0.68,26.0337,1005.78,22.18888889
0.65,22.0409,1006.03,22.08333333
0.73,17.2753,1006.44,19.97777778
0.78,11.8818,1007.01,18.01666667
0.87,8.1144,1007.51,16.25
0.9,6.44,1007.9,15.67222222
0.9,7.1323,1008.1,15.74444444
0.93,6.3273,1008,15.07222222
0.93,6.4561,1008.2,15.02777778
0.88,6.3595,1010.66,15.06111111
0.93,6.279,1007.92,14.53888889
0.96,6.279,1007.72,13.96111111
0.96,3.5742,1007.74,13.63888889
0.93,4.6851,1008.09,14.00555556
0.93,3.5581,1008.21,16.11666667
0.89,9.5473,1008.83,17.75555556
0.78,11.4793,1009,20.02777778
0.68,9.9176,1008.91,21.13888889
0.69,12.719,1009.23,21.99444444
0.68,12.9927,1009.59,22.27222222
0.7,11.4954,1009.51,22.85
0.61,9.6278,1009.59,23.9
0.54,11.5276,1009.21,24.97777778
0.54,17.0821,1009.11,24.97777778
0.47,16.0839,1009.23,25.95
0.47,17.4041,1009.33,24.97777778
0.5,12.5258,1009.34,23.88888889
0.59,8.1949,1010.07,21.25555556
0.73,2.9946,1010.72,20.97222222
0.83,6.0536,1011.22,18.8
0.91,3.7352,1011.5,17.7
0.93,6.44,1038.06,5.416666667
0.93,4.2665,1034.84,6.627777778
0.96,6.1824,1037.85,5.55
0.93,6.1824,1037.67,5.55
0.96,6.1985,1037.47,5
1,3.0107,1037.23,6.061111111
1,3.4776,1037.23,6.061111111
0.94,3.6547,1037.36,6.1
1,3.6547,1037.82,6.061111111
0.93,3.5742,1037.99,7.15
0.99,8.6779,1037.93,4.427777778
0.93,7.728,1037.71,5.822222222
0.89,4.669,1037.1,7.755555556
0.89,5.6672,1036.65,7.044444444
0.89,4.83,1036.2,7.755555556
0.89,4.9427,1035.9,7.238888889
0.92,3.6386,1035.71,7.322222222
0.93,4.8783,1035.69,6.605555556
0.93,4.7334,1035.53,7.15
0.93,7.4704,1035.61,5.783333333
0.93,8.855,1035.6,5.455555556
0.93,6.44,1035.49,5.466666667
0.93,3.7996,1035.22,6.627777778
0.96,8.4525,1035.18,4.344444444
0.83,19.8674,1015.83,6.2
0.95,10.6099,1030.15,-0.294444444
0.93,10.7387,1017.64,6.6
0.96,6.1019,1017.9,7.566666667
0.96,10.7709,1018.68,6.55
0.96,4.7656,1019.5,7.805555556
1,3.6386,1020.03,7.127777778
0.93,2.9946,1021.31,5.35
0.99,2.9946,1022.4,6.088888889
0.99,7.5187,1022.85,6.444444444
0.92,10.8675,1023.94,7.066666667
0.83,11.6886,1024.55,6.922222222
0.88,14.4095,1025.05,5.272222222
0.83,16.8889,1025.47,6.466666667
0.88,14.4095,1026.34,5.3
0.83,15.9551,1027.73,5.088888889
0.85,13.1537,1028.53,4.961111111
0.85,11.4954,1029.21,3.794444444
0.86,11.431,1030.02,2.438888889
0.89,12.6707,1030.79,1.161111111
0.92,9.4346,1031.4,-0.305555556
0.92,6.762,1032,1.061111111
0.92,10.6099,1033.18,-1.038888889
0.92,10.9963,1033.41,-1.344444444
0.91,6.8264,1033.2,-0.15
0.96,3.1717,1029.78,2.205555556
0.92,6.5688,1033.43,-0.888888889
0.96,3.5581,1033.42,0.566666667
0.96,6.601,1033.39,-1.405555556
0.96,6.6332,1033.32,-2.216666667
0.93,5.313,1032.93,-0.6
0.93,3.8962,1033.09,0.194444444
0.92,3.703,1033.21,1.111111111
0.92,0.6601,1033.4,2.25
0.94,4.1538,1033.3,3.111111111
0.79,3.4293,1032.3,6.161111111
0.79,7.8407,1031.42,4.583333333
0.73,0.4669,1031.02,7.205555556
0.72,6.44,1030.3,6.25
0.79,5.0071,1029.81,5.355555556
0.91,1.7227,1029.84,4.05
1,4.83,1029.6,2.25
0.96,8.05,1029.61,0.438888889
0.99,5.0715,1029.48,1.133333333
1,0.5152,1029.53,2.122222222
0.96,11.27,1029.52,-0.994444444
1,1.7066,1029.58,1.344444444
1,6.44,1029.43,0.272222222
0.96,2.5438,1029.02,2.372222222
0.99,10.2879,1030.78,-3.255555556
1,6.0697,1029,-0.455555556
1,3.22,1028.84,1.372222222
0.96,0.7245,1028.67,1.3
1,0,1028.63,1.011111111
0.93,1.4812,1028.88,0.766666667
0.99,7.5348,1028.83,-1.783333333
1,10.8031,1029.23,-2.577777778
1,9.2575,1029.79,-2.155555556
0.99,13.3469,1029.75,-3.033333333
0.93,12.397,1029.7,-1.477777778
0.93,15.4882,1029.3,-1.961111111
0.99,11.9462,1029.21,-1.194444444
1,14.0392,1029.15,-1.594444444
1,12.558,1029.44,-1.283333333
0.93,9.1126,1029.55,-0.405555556
0.92,10.8514,1029.58,-0.894444444
0.92,15.4077,1029.2,-1.777777778
0.93,10.0786,1030.31,-0.8
1,10.948,1030.25,-2.138888889
0.96,11.0124,1030.57,-1.538888889
1,13.8299,1030.86,-3.011111111
0.96,11.1251,1031.08,-2.233333333
0.96,14.0875,1030.9,-3.566666667
0.96,13.524,1035.41,-3.65
1,11.0929,1031.56,-4.15
0.96,10.7387,1031.47,-4.061111111
1,7.0679,1031.23,-3.477777778
1,9.499,1031.41,-4.4
1,9.4346,1031.98,-4.438888889
1,9.7083,1032.22,-4.405555556
0.93,10.9319,1032.88,-4.838888889
1,9.3541,1033.29,-4.411111111
1,9.4024,1033.92,-4.411111111
1,11.27,1034.08,-4.888888889
0.92,11.0285,1033.5,-3.472222222
0.93,12.4292,1033.54,-3.833333333
1,12.7834,1033.66,-3.9
1,10.7548,1033.6,-3.377777778
1,10.7226,1034.23,-3.311111111
1,11.1895,1034.57,-3.511111111
1,12.6546,1034.78,-3.866666667
1,12.3165,1034.92,-3.705555556
1,13.9426,1035.39,-4.133333333
0.96,14.2646,1035.71,-4.255555556
0.96,14.4417,1036.02,-4.233333333
1,10.9319,1036.18,-3.561111111
1,11.0285,1036.29,-3.638888889
0.97,5.3613,1036.63,-2.761111111
0.96,14.1358,1036.2,-3.688888889
0.96,14.1519,1036.39,-3.727777778
0.97,13.846,1036.19,-4.288888889
1,15.8424,1036.19,-4.722222222
1,15.6331,1036.11,-5.888888889
1,16.3898,1036.66,-5.927777778
1,14.1358,1036.9,-5.594444444
1,12.5258,1037.1,-5.244444444
0.94,12.7512,1037.5,-4.144444444
1,14.1358,1037.68,-4.261111111
1,11.0285,1037.09,-3.583333333
0.93,13.5562,1037.04,-2.938888889
0.92,14.1036,1036.28,-2.916666667
1,12.4775,1036.39,-3.827777778
0.93,8.2593,1036.54,-1.644444444
1,9.3702,1036.5,-3.072222222
0.93,10.9319,1036.31,-3.533333333
1,11.27,1036.54,-4.627777778
1,9.499,1036.61,-4.372222222
1,10.9802,1036.9,-4.85
0.97,10.948,1036.96,-4.705555556
1,11.0607,1036.81,-4.872222222
0.96,3.2683,1037.09,-1.088888889
1,2.4472,1034.34,-1.566666667
0.96,3.22,1036.79,-1.6
0.96,3.2039,1036.89,-1.6
0.96,6.1824,1036.78,-3.411111111
0.93,11.0285,1036.69,-4.894444444
0.93,10.8514,1036.58,-4.872222222
1,8.2754,1036.51,-5.3
1,3.2361,1037.1,-2.15
1,4.6851,1037.1,-2.2
0.99,5.474,1037.44,-3.144444444
1,4.83,0,-1.111111111
1,3.22,0,-1.111111111
0.93,0.9982,1036.13,-0.133333333
1,1.6744,1035.8,-0.072222222
1,3.1395,1035.31,-0.022222222
1,0.7245,1035.35,-0.138888889
0.93,3.22,1035.22,-0.072222222
0.93,3.22,1035.14,-0.094444444
1,1.0626,1035.37,-1.111111111
1,0.1288,1035.21,-1.133333333
1,3.1073,1034.84,-1.133333333
0.97,2.8336,1035.04,-1.25
0.96,3.1878,1034.72,-1.688888889
0.96,3.22,1034.23,-1.183333333
0.99,5.0876,1029.92,-3.588888889
1,3.1717,1033.43,-1.711111111
0.96,3.1717,1033.42,-1.205555556
1,3.4132,1033.26,-1.866666667
0.93,1.5295,1032.43,-1.205555556
1,0,1032.14,-2.244444444
0.99,5.8121,1032.36,-4.5
1,0,1032.61,-2.244444444
1,3.22,1032.23,-2.244444444
0.93,4.3792,1032.62,-1.322222222
0.93,7.8246,1032.13,-4.016666667
1,4.7012,1031.71,-1.133333333
0.93,7.9695,1031.16,-3.005555556
0.93,4.5241,1030.7,-0.094444444
0.93,4.7012,1030.31,-0.094444444
0.99,3.0107,1030.14,-1
1,4.7495,1030,-1.111111111
1,7.8246,1029.92,-4.022222222
1,9.6278,1030.06,-4.455555556
1,3.1395,1030.11,-1.161111111
0.96,3.0268,1029.82,-1.111111111
0.97,2.7853,1029.65,-1.161111111
0.96,3.22,1029.61,-1.111111111
1,3.22,1029.69,-1.622222222
0.96,3.9606,1026.38,0.633333333
1,3.1878,1029.01,-1.644444444
1,3.22,1028.81,-1.644444444
1,4.5724,1028.39,-1.766666667
1,3.1717,1028.01,-2.2
1,3.22,1027.72,-2.15
1,4.8139,1027.67,-2.161111111
1,7.8085,1028.11,-5.177777778
1,4.83,1028.13,-2.15
0.93,2.6565,1028.6,-0.211111111
0.93,9.2575,1028.46,-3.094444444
0.93,1.5134,1028.31,0.022222222
0.99,4.9266,1027.48,-1.372222222
1,1.5778,1027.26,0.022222222
1,9.499,1027.24,-3.133333333
0.99,10.8836,1027.4,-3.216666667
1,7.8085,1027.22,-2.572222222
1,7.8085,1027.21,-2.572222222
0.99,3.5098,1027.36,0.188888889
0.93,0.1288,1027.21,1.111111111
0.96,3.22,1027.37,0.6
0.99,5.1198,1027,-0.861111111
1,3.22,1026.61,0.6
0.96,3.22,1025.94,1.111111111
0.87,24.1822,1024.07,-2.588888889
0.96,3.1717,1025.59,1.183333333
0.96,3.0912,1025.29,1.133333333
0.96,10.5616,1024.73,-2.083333333
0.96,13.4274,1024.35,-2.705555556
1,12.4292,1024.34,-2.5
0.99,13.7011,1024.24,-2.722222222
0.93,14.1841,1024.35,-2.85
0.93,12.5902,1024.65,-2.533333333
0.93,15.617,1024.52,-2.938888889
0.93,11.27,1023.96,-0.905555556
0.93,14.1519,1023.54,-1.477777778
0.99,17.2592,1023.03,-1.938888889
0.92,17.2914,1023.08,-1.977777778
0.93,17.3558,1023.19,-1.983333333
0.96,16.9372,1023.3,-2.494444444
0.92,17.2431,1023.42,-1.994444444
0.92,20.3021,1023.62,-2.461111111
0.91,17.9354,1023.59,-1.622222222
0.9,17.2914,1023.65,-1.366666667
0.89,20.2538,1023.83,-1.716666667
0.84,24.1983,1023.8,-1.644444444
0.83,30.4129,1023.83,-2.2
0.82,27.6276,1023.64,-1.938888889
0.89,17.9354,1027.82,-2.633333333
0.85,24.9711,1023.62,-2.316666667
0.82,24.8906,1023.52,-2.305555556
0.83,20.1894,1023.07,-1.744444444
0.82,20.3343,1023.22,-1.761111111
0.82,20.5275,1023.51,-1.788888889
0.84,19.9962,1023.6,-2.333333333
0.85,20.2699,1023.91,-2.427777778
0.91,17.4363,1024.31,-1.961111111
0.92,20.7529,1024.66,-2.616666667
0.92,23.6992,1024.46,-2.883333333
0.92,21.8799,1024.52,-2.694444444
0.93,19.6098,1024.57,-2.505555556
0.92,15.8907,1024.79,-1.805555556
0.92,15.5365,1025.27,-1.744444444
1,16.8889,1025.72,-3.127777778
0.92,15.9873,1026.29,-1.822222222
0.92,20.125,1026.68,-2.433333333
0.92,14.5866,1027,-1.483333333
0.92,15.9551,1027.4,-1.816666667
0.89,17.5812,1027.8,-2.072222222
0.9,17.4685,1028.2,-2.116666667
0.89,17.4202,1028.5,-2.711111111
0.96,3.4937,1034.7,6.111111111
0.96,3.2039,1028.86,-0.288888889
0.95,3.0912,1033.81,6.111111111
0.92,7.3577,1033.5,4.677777778
0.93,6.0214,1033.21,4.961111111
0.93,6.44,1032.81,4.8
0.93,3.22,1032.51,6.038888889
0.93,7.3577,1032.54,4.455555556
0.93,7.8246,1032.61,4.444444444
0.86,8.1144,1032.41,5.477777778
0.83,6.1502,1032.49,6.694444444
0.67,12.6868,1031.79,6.738888889
0.71,11.1251,1031.21,6.983333333
0.66,11.4149,1030.28,6.977777778
0.66,9.6278,1029.5,7.277777778
0.76,9.4507,1029.01,6.1
0.8,5.8121,1028.78,4.333333333
0.85,3.5259,1028.79,5.183333333
0.89,4.8139,1028.89,3.083333333
0.91,6.8908,1028.92,0.694444444
0.92,8.1144,1028.68,-0.033333333
0.96,6.2951,1028.41,-0.144444444
0.95,3.542,1028.39,1.066666667
0.96,6.0536,1028.2,-2.588888889
0.88,17.2592,1028.51,-2.688888889
0.92,0.7406,1031.59,-0.127777778
0.85,14.2324,1029.13,-2.261111111
0.82,17.4202,1029.51,-2.827777778
0.83,16.9372,1029.39,-3.583333333
0.79,14.0875,1029.53,-3.088888889
0.79,15.1501,1030.03,-3.283333333
0.76,17.2592,1030.51,-3.766666667
0.76,16.6957,1031.32,-3.583333333
0.76,15.4882,1032,-3.227777778
0.75,16.6152,1032.45,-3.3
0.75,16.8567,1032.4,-3.227777778
0.7,15.4721,1032.07,-0.933333333
0.64,12.2521,1031.71,0.7
0.64,14.812,1031.26,0.427777778
0.67,9.016,1031.65,0.294444444
0.79,8.1949,1032.15,-2.227777778
0.82,9.7083,1032.42,-3.161111111
0.88,7.567,1032.61,-3.822222222
0.95,3.6869,1032.84,-1.9
0.88,4.7334,1032.99,-1.038888889
0.92,3.3488,1032.6,-1.038888889
0.95,5.7638,1032.32,-3.394444444
0.92,6.0536,1032.5,-3.066666667
0.92,6.2629,1032.22,-2.616666667
0.92,2.6243,1039.69,1.005555556
0.92,3.059,1032.33,-0.394444444
0.92,3.3166,1032.62,-0.372222222
0.95,2.7209,1032.83,-0.311111111
0.99,4.7656,1033.11,-1.95
0.99,3.0268,1033.72,-2
0.93,8.8389,1034.38,-4.166666667
0.92,9.1126,1035.22,-3
0.92,7.9212,1035.94,-2.588888889
0.87,10.6743,1036.64,-2.322222222
0.85,9.5312,1037.04,-0.5
0.76,10.8353,1036.94,-0.094444444
0.72,9.1931,1036.82,1.322222222
0.71,8.3076,1036.94,1.755555556
0.82,12.2038,1037.36,-0.377777778
0.84,11.6403,1038.13,-2.066666667
0.85,7.567,1039.03,-1.2
0.85,5.1198,1039.54,-0.255555556
0.86,5.1842,1040.03,-0.438888889
0.85,4.83,1040.35,1.161111111
0.92,3.1073,1040.54,0.65
0.9,6.7298,1040.63,-1.066666667
0.92,6.6493,1040.76,-0.938888889
0.92,6.6654,1041.05,-1.533333333
0.92,5.8765,1041.19,-1.172222222
0.92,6.3112,1041.44,-1.405555556
0.92,3.3005,1041.35,1.138888889
0.92,6.2468,1041.46,-0.855555556
0.92,7.406,1041.24,-1.166666667
0.92,7.6314,1041.13,-1.244444444
0.96,5.5223,1041.32,-0.572222222
0.99,3.3488,1041.55,1.138888889
0.92,3.1395,1041.84,2.2
0.89,1.9481,1041.94,2.711111111
0.82,4.8461,1041.63,2.961111111
0.88,7.8568,1041.34,1.972222222
0.82,4.9427,1041.08,2.944444444
0.76,9.5151,1040.92,2.844444444
0.81,4.3148,1041.01,4.005555556
0.85,0.9982,1041.28,2.544444444
0.91,7.9534,1041.22,-2.405555556
0.92,5.2325,1041.42,-1.538888889
0.92,7.6475,1041.59,-3.383333333
0.96,11.3988,1041.44,-4.811111111
0.96,14.49,1041.9,-4.95
0.96,10.2718,1041.75,-3.716666667
0.9,6.44,1041.9,-3.344444444
0.92,11.27,1041.59,-5.15
0.99,11.27,1041.51,-5.755555556
0.99,0,1041.49,-2.233333333
0.94,14.49,1041.54,-7.944444444
0.95,9.9176,1041.42,-5.255555556
0.99,11.27,1041.35,-7.622222222
0.92,14.49,1041.49,-7.555555556
0.96,9.6278,1041.7,-6.277777778
0.94,14.49,1041.9,-7.166666667
0.94,11.27,1042.2,-4.444444444
0.89,7.6314,1042.31,-2.327777778
0.92,9.8371,1042.2,-0.605555556
0.91,10.5133,1041.6,-0.1
0.82,12.2521,1041.43,-0.622222222
0.89,9.8371,1041.05,-0.255555556
0.86,10.5133,1041.05,-0.416666667
0.91,7.0679,1041.1,-0.327777778
0.89,7.2611,1040.95,0.144444444
0.89,6.2146,1041.15,0.494444444
0.92,6.8908,1041.19,-0.388888889
0.94,4.9105,1041.26,0.388888889
0.94,3.22,1041.16,1.694444444
0.92,7.728,1041.13,-1.283333333
0.94,6.44,1041.21,-0.222222222
0.94,1.8515,1040.81,1.694444444
0.92,8.7262,1038.87,-1.583333333
0.94,3.22,1040.36,1.694444444
0.94,0.8533,1040.07,1.694444444
0.93,4.5241,1039.45,1.15
0.94,0,1039.01,1.427777778
0.94,6.44,1038.97,-0.527777778
0.96,7.0035,1038.56,-1.072222222
0.94,0,1038.66,1.716666667
0.92,6.44,1038.56,0.111111111
0.96,5.6511,1038.53,0.138888889
0.89,9.499,1038.11,0.205555556
0.87,7.9856,1037.41,0.916666667
0.92,6.8747,1036.93,0.816666667
0.87,9.8371,1036.01,0.438888889
0.87,8.211,1035.61,0.855555556
0.89,6.2468,1035.28,1.083333333
0.84,14.49,1034.86,-0.822222222
0.9,14.49,1034.71,-1.538888889
0.9,7.2289,1034.34,0.088888889
0.87,14.49,1034.26,-1.538888889
0.87,14.49,1034.2,-1.538888889
0.92,7.0035,1033.73,-0.4
0.85,8.9355,1033.39,-0.344444444
0.82,6.44,1032.9,0.416666667
0.9,5.8604,1032.95,0.277777778
0.85,10.8031,1032.24,-1.15
0.91,14.49,1031.94,-2.222222222
0.9,10.7226,1031.3,-2.1
0.98,8.9355,1031.2,-1
0.98,4.8461,1031.16,0.416666667
0.87,9.2897,1031.43,-0.7
0.98,6.44,1031.4,0.111111111
0.96,9.0321,1031.8,-0.366666667
0.96,13.3308,1031.56,-1.466666667
0.98,7.1323,1032.25,0.488888889
0.92,10.7226,1032.21,0.233333333
0.86,14.1197,1030.81,0.45
0.89,13.4435,1031.85,0.722222222
0.89,12.0267,1031.9,0.983333333
0.92,11.2861,1031.05,-0.222222222
0.91,8.6457,1032.44,1.05
0.92,6.9874,1032.85,1.216666667
0.96,3.9928,1032.1,1.733333333
0.92,6.2146,1033.2,1.472222222
0.92,9.0321,1033.49,0.633333333
0.92,3.8801,1032.52,2.727777778
0.95,2.4633,1033.91,0.744444444
0.93,4.1699,1034.12,0.744444444
0.95,3.5259,1033.49,1.933333333
0.94,1.5295,1034.52,-0.9
0.98,1.5295,1034.67,-0.844444444
0.98,3.6869,1033.82,-0.961111111
0.96,4.6368,1035.33,-1.638888889
0.94,3.22,1035.83,-1.638888889
0.87,5.2647,1036.24,-2.85
0.92,4.7656,1037.28,-1.111111111
0.88,12.5258,1037.78,-4.283333333
0.76,16.9855,1037.36,-3.533333333
0.72,13.8782,1038.68,-3.527777778
0.61,16.1,1038.38,-1.516666667
0.47,15.0535,1036.38,-2.194444444
0.59,10.6099,1037.98,0.166666667
0.62,7.4382,1038.17,0
0.57,8.2754,1036.92,-2.122222222
0.81,1.5295,1038.92,-1.694444444
0.85,0,1039.32,-2.511111111
0.8,8.372,1038.04,-5.566666667
0.92,1.5295,1039.57,-4.733333333
0.92,3.22,1039.82,-5
0.82,4.3631,1038.19,-4.461111111
0.92,3.22,1039.71,-5.844444444
0.92,6.7942,1039.67,-9.088888889
0.77,3.9445,1038.03,-5.461111111
0.88,3.22,1038.96,-3.622222222
0.86,5.8282,1038.76,-5.727777778
0.85,5.1359,1036.92,-8.327777778
0.86,14.49,1038.1,-8.594444444
0.88,6.9391,1037.9,-6.733333333
0.85,7.5831,1036.8,-10.77222222
0.84,7.4704,1037.86,-6.011111111
0.83,6.9391,1038.01,-4.883333333
0.78,8.4525,1038.36,-4.122222222
0.63,8.4525,1037.81,-0.522222222
0.67,11.1251,1037.01,-0.233333333
0.67,11.1251,1036.31,-0.844444444
0.65,8.2271,1035.4,1.783333333
0.74,8.6618,1035.3,0.7
0.81,7.6958,1035.66,-2.388888889
0.85,3.703,1035.31,-0.266666667
0.9,8.6457,1035.26,-4.855555556
0.86,7.1967,1035.41,-5.033333333
0.96,7.2611,1035.31,-5.994444444
0.94,2.6404,1035.36,-3.016666667
0.87,6.6976,1035.1,-6.127777778
0.96,6.4078,1035.19,-7.866666667
0.96,6.3112,1034.7,-7.9
0.92,8.7745,1034.05,-8.977777778
0.96,6.3756,1034.19,-9.216666667
0.96,6.3756,1033.61,-9.833333333
0.97,9.982,1033.57,-10.11666667
0.92,5.8765,1033.29,-10.70555556
0.92,6.0536,1033.18,-11.91111111
0.96,6.279,1032.7,-10.53888889
0.98,3.22,1032.82,-5.605555556
0.98,3.22,1032.87,-5.344444444
0.96,6.8908,1032.91,-8.983333333
0.96,6.2468,1032.29,-7.877777778
0.93,9.1931,1031.4,-6.544444444
0.99,9.338,1030.64,-6.388888889
1,10.5938,1029.78,-6.755555556
1,10.5777,1029.29,-6.722222222
1,8.8228,1029.25,-6.294444444
1,9.2414,1029.08,-6.411111111
0.92,9.338,1028.69,-6.416666667
0.93,8.9999,1028.55,-6.444444444
1,10.5616,1028.3,-8.022222222
0.96,6.2951,1027.91,-6.527777778
1,6.8103,1027.82,-7.272222222
1,3.22,1027.67,-4.305555556
0.96,3.3005,1027.06,-4.305555556
0.96,2.737,1035.04,-3
0.96,6.4078,1027.03,-7.133333333
0.96,6.44,1027.4,-7.094444444
0.96,6.6976,1026.99,-7.255555556
0.99,7.9534,1027.03,-7.1
0.92,9.4507,1027.32,-6.388888889
1,10.0142,1027.97,-6.633333333
0.99,8.1627,1028.51,-5.294444444
0.92,8.05,1028.83,-3.977777778
0.93,8.5652,1029.67,-3.022222222
0.92,9.2092,1030.02,-1.755555556
0.92,11.1251,1030.15,-0.955555556
0.93,13.7333,1030.33,-1.588888889
0.85,16.7923,1030.75,-1.894444444
0.85,11.3988,1031.61,-2.138888889
0.86,4.5724,1032.61,0.15
0.92,4.7012,1033.34,-1
0.92,3.1395,1033.95,-1.116666667
0.93,5.313,1034.62,-3.177777778
0.92,1.61,1035.22,-1.25
0.96,6.3273,1035.73,-5.394444444
0.96,5.8121,1036.25,-5.044444444
0.96,10.3845,1036.43,-7.466666667
1,0,1028.01,-2.133333333
0.85,13.5562,1020.07,0.705555556
1,3.22,1027.69,-2.2
0.96,3.22,1027.37,-1.627777778
1,3.5581,1027.11,-2.155555556
0.96,1.5456,1026.89,-2.127777778
1,4.6529,1026.85,-2.105555556
1,3.9928,1026.53,-2.094444444
1,3.6386,1026.67,-2.061111111
0.99,5.152,1026.45,-2.75
0.93,8.0178,1025.93,-2.755555556
1,9.66,1025.38,-1.744444444
0.99,8.2271,1024.85,-1.244444444
0.96,9.6922,1024.12,0.25
0.99,12.6546,1023.65,-0.361111111
0.92,11.1251,1022.98,1.177777778
0.98,8.1305,1022.71,0.961111111
0.92,8.2432,1022.34,1.85
0.92,12.6385,1021.76,0.855555556
0.92,11.4954,1021.42,1.166666667
0.86,14.2485,1020.96,1.905555556
0.89,11.2861,1020.59,1.816666667
0.89,11.431,1020.42,1.716666667
0.89,14.4417,1019.83,1.25
0.96,6.0536,1036.9,-5.877777778
0.93,9.5795,1036.68,-8.155555556
0.96,6.1985,1037.02,-4.772222222
0.96,5.9892,1037.21,-4.716666667
0.93,6.4078,1037.28,-4.561111111
0.93,10.8675,1037.29,-6.9
0.93,7.8085,1037.46,-7.183333333
0.93,10.0464,1037.94,-8.138888889
0.92,3.1556,1038.67,-3.838888889
0.89,7.7602,1038.97,-5.322222222
0.9,11.7369,1039.44,-5.372222222
0.88,9.7727,1039.36,-4.416666667
0.85,12.7351,1038.66,-3.788888889
0.84,12.9122,1037.92,-2.305555556
0.79,9.5312,1037.66,-0.461111111
0.79,11.3827,1037.47,-0.922222222
0.82,6.7298,1037.86,-1.522222222
0.89,11.0124,1037.78,-4.194444444
0.91,12.9605,1037.79,-5.327777778
0.92,14.2646,1037.8,-6.288888889
0.92,14.5544,1037.8,-7.083333333
0.92,14.49,0,-7.716666667
0.92,11.0285,1037.68,-7.488888889
0.93,6.4722,1037.3,-6.1
0.88,10.8353,1036.82,-7.538888889
0.96,11.7691,1036.83,-6.922222222
0.92,10.4972,1036.25,-8.805555556
0.93,2.9463,1036.3,-5.072222222
0.96,9.8049,1035.89,-9.772222222
0.93,10.6743,1035.56,-9.527777778
0.92,13.4435,1034.77,-10.17777778
0.93,9.3702,1034.7,-8.933333333
0.93,8.8067,1035.42,-7.566666667
0.86,8.7423,1036.22,-6.233333333
0.89,5.152,1036.67,-4.166666667
0.89,4.8944,1036.48,-2.833333333
0.86,10.8997,1035.78,-3.583333333
0.91,4.6207,1035.94,0.238888889
0.85,9.2575,1035.32,-0.511111111
0.92,9.2253,1035.31,-1.688888889
0.91,7.6958,1035.75,-2.233333333
0.92,7.6475,1035.49,-2.605555556
0.99,9.0482,1035.78,-5.472222222
0.92,9.7405,1035.95,-4.211111111
0.99,10.6904,1035.78,-5.888888889
0.96,10.8997,1034.92,-5.327777778
0.96,12.1394,1035.01,-4.961111111
0.93,10.143,1034.33,-4.138888889
0.85,17.388,1019.13,0.866666667
0.94,4.2182,1016.1,6.272222222
0.82,17.388,1018.13,1.5
0.82,14.4256,1017.63,2.622222222
0.8,13.5562,1017.1,2.838888889
0.86,14.1519,1016.63,2.094444444
0.86,14.4739,1016.33,1.988888889
0.8,13.041,1016.26,3.505555556
0.79,12.6546,1016.03,3.588888889
0.79,11.1734,1015.94,5.105555556
0.82,11.4793,1015.83,5.866666667
0.82,9.3702,1015.36,6.383333333
0.77,10.8675,1014.85,10.06666667
0.72,15.4399,1014.45,11.97222222
0.72,10.1591,1014.18,12.17222222
0.8,8.4686,1014.11,11.05555556
0.81,9.0965,1014.13,10.78888889
0.8,8.9999,1014.14,10.91666667
0.83,8.1305,1014.15,8.766666667
0.89,6.9391,1014.44,7.755555556
0.88,8.1305,1014.64,7.35
0.85,10.4328,1015.04,6.894444444
0.88,5.5706,1015.43,7.672222222
0.92,5.8926,1015.49,6.794444444
0.92,2.576,1015.59,7.122222222
0.96,12.4292,1018.57,2.994444444
0.96,3.0751,1015.67,7.122222222
0.96,3.1395,1015.83,7.122222222
0.96,4.7012,1015.8,6.766666667
1,2.1252,1016.06,6.061111111
0.93,7.2611,1016.75,5.855555556
0.96,4.83,1017.65,6.994444444
1,4.2504,1017.93,7.127777778
0.96,8.9355,1018.32,6.116666667
0.95,8.7745,1018.86,6.366666667
0.95,3.3488,1019.17,7.755555556
0.93,10.8836,1018.35,7.133333333
0.86,7.7763,1019.12,9.055555556
0.86,8.0661,1018.88,10.02222222
0.93,9.5634,1018.86,7.477777778
0.95,9.7566,1019.05,6.333333333
0.96,12.6546,1019.34,5.583333333
0.96,11.27,1019.37,5.733333333
0.99,11.0285,1019.62,5.166666667
0.93,12.5741,1019.45,4.75
0.96,11.3183,1019.27,4.327777778
0.95,10.7548,1019.26,3.788888889
0.96,11.0446,1019.57,3.016666667
1,11.0124,1019.46,2.327777778
0.91,13.1537,1017.17,3.022222222
0.98,11.0285,1018.97,2.294444444
0.98,10.9802,1018.59,2.338888889
1,13.2503,1018.32,1.838888889
0.93,12.5902,1018.13,3.272222222
1,12.7995,1017.76,1.911111111
1,10.9158,1017.89,2.316666667
1,20.2377,1017.74,0.972222222
0.93,20.1089,1017.18,3.733333333
0.9,15.4882,1017.27,6.294444444
0.77,15.8746,1016.66,11.06666667
0.72,17.5168,1016.03,12.73333333
0.7,17.8871,1015.51,13.5
0.69,17.2592,1015.02,13.93333333
0.76,11.3505,1014.73,12.86666667
0.79,13.846,1015.17,11.34444444
0.86,15.5848,1015.24,7.855555556
0.83,12.4936,1015.35,8.2
0.89,13.0088,1015.59,6.827777778
0.89,13.9909,1015.56,5.361111111
0.84,13.7977,1015.65,5.927777778
0.85,13.6528,1015.93,5.122222222
0.87,13.9587,1016.27,3.95
0.87,13.9587,1016.47,3.866666667
0.92,10.5616,1016.87,2.266666667
0.92,10.8031,1017.24,2.011111111
0.93,6.5044,1017.07,3.611111111
0.9,8.7745,1017.17,3.216666667
0.93,7.7924,1017.31,3.044444444
0.87,12.0428,1017.61,3.277777778
0.94,9.0643,1018.15,2.544444444
0.93,4.8461,1018.61,3.955555556
0.87,8.8872,1018.81,4.061111111
0.82,6.1824,1018.81,7.688888889
0.77,2.8014,1018.69,11.06666667
0.69,1.4812,1017.98,12.75555556
0.7,4.9266,1017.48,12.97222222
0.72,4.9588,1017.17,12.88888889
0.74,7.7602,1016.96,12.35555556
0.77,9.2575,1016.82,11.32222222
0.83,7.7763,1017.08,7.927777778
0.93,8.0017,1017.16,5.927777778
0.93,7.406,1017.12,5.066666667
0.93,9.4346,1017.27,4.205555556
0.89,13.8943,1017.28,4.577777778
0.93,6.8264,1017.51,4.233333333
0.93,6.7298,1017.27,3.633333333
0.93,11.4471,1017.16,2.483333333
0.87,13.3147,1015.33,3.772222222
0.92,10.6743,1017.07,1.861111111
0.92,6.5527,1017.06,2.35
0.96,11.2217,1016.91,0.083333333
0.96,11.1573,1016.65,-0.077777778
0.92,11.0607,1016.75,1.111111111
0.93,11.9623,1016.91,1.027777778
0.93,12.7834,1016.86,2.1
0.86,12.7834,1017.14,4.777777778
0.78,16.8406,1017.02,7.594444444
0.74,14.4256,1016.75,12.19444444
0.67,14.5866,1016.23,13.93333333
0.65,14.3612,1015.99,15.21111111
0.66,15.8263,1015.51,15.11111111
0.72,12.6546,1015.23,13
0.78,11.0124,1015.5,12.35
0.77,17.2431,1015.21,12.67777778
0.75,16.8245,1014.75,12.06111111
0.76,17.0016,1014.85,11.97222222
0.78,14.2324,1014.74,10.02222222
0.77,17.2109,1014.74,10.05
0.84,14.0231,1014.92,6.094444444
0.86,14.0392,1014.93,5.322222222
0.86,14.1358,1014.93,4.655555556
0.89,11.5598,1016.66,6.216666667
0.86,17.3397,1014.84,3.466666667
0.86,14.3612,1014.84,3.877777778
0.87,16.4059,1014.62,3.577777778
0.86,15.778,1014.41,3.072222222
0.86,20.2699,1014.32,2.477777778
0.86,19.6259,1014.51,2.455555556
0.8,20.125,1014.92,3.694444444
0.78,23.2645,1014.94,5.644444444
0.71,20.6402,1015.17,10.95
0.66,20.447,1014.82,12.33333333
0.59,23.8602,1014.42,13.95555556
0.57,24.7135,1014.03,14.19444444
0.58,24.9872,1013.61,14.08888889
0.64,21.5901,1013.52,12.93333333
0.69,15.3594,1013.78,11.45555556
0.71,21.8155,1013.83,11.2
0.67,26.0659,1013.84,11.10555556
0.72,26.565,1014.4,10.02777778
0.71,24.6652,1014.62,10.06666667
0.74,20.2377,1014.7,6.138888889
0.75,20.0123,1014.9,6.072222222
0.8,20.0123,1015.27,6.127777778
0.86,11.27,1025.18,-6.2
0.89,4.9105,1023.23,-4.322222222
0.89,3.22,1025.19,-2.744444444
0.88,2.8497,1025.25,-2.188888889
0.87,3.3649,1024.88,-2.038888889
0.88,7.8246,1024.87,-5.8
0.88,3.22,1025.15,-2.605555556
0.89,4.3631,1025.79,-2.433333333
0.88,1.7227,1026.03,-2.472222222
0.88,7.7763,1026.23,-5.461111111
0.89,5.4096,1026.5,-4.305555556
0.88,9.3863,1026.52,-5.816666667
0.81,9.4668,1026.11,-4.544444444
0.82,5.2647,1025.72,-2.911111111
0.76,3.542,1024.92,-0.033333333
0.76,9.3863,1024.62,-3.172222222
0.82,7.9212,1024.22,-3.894444444
0.88,4.508,1024.42,-2.311111111
0.88,7.4865,1024.33,-5.255555556
0.89,7.1484,1024.42,-4.038888889
0.88,13.2664,1024.15,-6.966666667
0.88,9.9981,1024.13,-5.588888889
0.89,9.6439,1024.11,-5.466666667
0.88,10.7548,1023.64,-6.35
0.96,6.3112,1009.46,-5.338888889
0.96,5.4257,1014.3,-3.216666667
0.96,10.6099,1009.81,-6.811111111
0.96,10.4489,1010.1,-6.688888889
0.96,2.8336,1010.63,-2.761111111
1,4.4758,1010.45,-2.711111111
0.96,4.7012,1010.4,-2.2
0.99,4.5402,1010.9,-2.766666667
1,7.3577,1011.01,-5.644444444
0.99,9.2253,1011.39,-6.088888889
0.99,4.2826,1011.72,-2.011111111
0.92,8.0017,1012.02,-3.755555556
0.99,4.9105,1012.2,-2.561111111
0.98,1.9159,1012.23,-0.394444444
0.91,3.0912,1012,0.222222222
0.99,0.6601,1012.29,0.244444444
0.97,3.6064,1012.52,0.483333333
0.99,3.0268,1012.78,0.177777778
0.92,3.1073,1013.09,0.044444444
0.93,2.9302,1013.57,-0.077777778
1,4.6851,1013.81,-1.088888889
0.96,6.2468,1014.01,-3.3
0.99,5.796,1014.33,-3.694444444
1,6.1985,1014.51,-3.816666667
1,6.1985,1014.9,-3.816666667
0.93,3.4132,1021.77,-4.25
0.96,3.2522,1015.19,-0.994444444
0.96,3.1073,1015.02,-1.594444444
0.98,2.3345,1015.23,-1.805555556
0.96,0.6118,1015.24,-2.15
0.96,5.0393,1015.72,-4
1,4.8461,1016.27,-4.227777778
0.99,7.9695,1016.95,-3.933333333
0.92,9.016,1017.28,-3.083333333
0.99,8.9033,1017.89,-2.961111111
0.99,14.1841,1018.5,-4.211111111
0.99,11.4954,1018.72,-3.638888889
0.92,13.524,1018.96,-3.816666667
0.85,16.9855,1019.39,-4.6
0.78,16.9694,1019.68,-3.327777778
0.79,12.6385,1020.17,-2.716666667
0.88,8.1788,1020.47,-3.916666667
0.88,11.1734,1021.05,-4.816666667
0.91,8.1144,1021.44,-4.083333333
0.95,3.5581,1021.56,-2.127777778
0.92,10.9963,1021.94,-6.222222222
0.91,6.7298,1022.52,-6.027777778
0.88,6.4561,1022.38,-5.988888889
0.91,6.6332,1022.67,-7.188888889
0.8,10.4167,1022.97,-7.466666667
0.92,6.5366,1023.39,-7.244444444
0.92,6.7298,1023.18,-6.683333333
0.91,12.8961,1023.32,-9.655555556
0.92,5.2003,1023.83,-6.005555556
0.92,8.1949,1023.83,-7.277777778
0.86,10.1108,1023.95,-6.816666667
0.85,12.8156,1023.95,-7.394444444
0.88,15.778,1024.05,-7.261111111
0.82,15.1823,1023.91,-4.544444444
0.81,17.71,1023.59,-4.727777778
0.75,22.0731,1023.57,-4.011111111
0.74,15.5687,1023.28,-2.944444444
0.69,18.0481,1022.45,-2.088888889
0.69,17.6617,1022.16,-3.333333333
0.69,21.0105,1022.12,-3.827777778
0.7,20.4792,1022.17,-3.95
0.82,12.6546,1022.17,-3.983333333
0.83,10.4006,1022.47,-3.583333333
0.87,11.5276,1022.26,-5.05
0.8,11.3505,1022.29,-4.388888889
0.8,11.27,1022.49,-4.944444444
0.78,11.1734,1022.57,-5.627777778
0.78,11.1734,1022.77,-6.944444444
0.87,3.0429,1023.68,-3.655555556
0.81,11.2217,1022.85,-8.094444444
0.84,6.7781,1022.84,-7.222222222
0.84,10.4972,1022.68,-7.922222222
0.92,8.2593,1022.65,-8.472222222
0.84,11.4793,1022.46,-8.277777778
0.85,4.1699,1022.74,-4.966666667
0.85,9.7405,1022.97,-6.544444444
0.81,17.0338,1022.98,-7.5
0.78,14.5222,1023.19,-6.344444444
0.75,11.0446,1023.37,-4.811111111
0.69,10.7709,1023.16,-3.35
0.64,9.7727,1022.94,-1.955555556
0.64,11.1895,1022.76,-2.227777778
0.59,10.787,1022.75,-2.127777778
0.62,8.6135,1022.99,-2.605555556
0.74,2.4472,1022.84,-0.994444444
0.8,2.7531,1023.52,-2.155555556
0.84,3.5098,1024.01,-2.816666667
0.85,4.8461,1023.94,-4.7
0.91,6.118,1024.23,-6.372222222
0.91,5.6994,1024.4,-6.783333333
0.91,6.3917,1024.02,-7.594444444
0.88,3.5581,1024.12,-3.711111111
0.95,5.313,1024.57,-4.444444444
0.91,3.6225,1023.62,-3.733333333
0.92,6.6332,1023.12,-5.361111111
0.88,7.0035,1022.72,-5.022222222
0.91,8.05,1022.64,-5.922222222
0.92,3.22,1022.72,-3.75
0.92,4.1055,1023.02,-3.561111111
0.95,4.2665,1023.23,-2.177777778
0.88,8.1466,1023.44,-4.044444444
0.82,7.0196,1023.57,-2.277777778
0.76,5.0715,1023.76,-0.477777778
0.75,3.3488,1023.85,1.088888889
0.7,3.1717,1023.86,1.972222222
0.69,3.542,1023.65,1.155555556
0.75,4.6368,1023.73,1.083333333
0.8,7.3577,1023.81,-2.222222222
0.82,9.3541,1023.95,-3.15
0.82,1.771,1024.25,-0.116666667
0.85,6.7298,1024.42,-2.372222222
0.92,4.8139,1024.44,-1.205555556
0.92,6.2307,1024.25,-3.511111111
0.95,6.1502,1024.62,-3.927777778
0.92,6.2951,1024.63,-4.15
0.92,3.3488,1024.64,-2.244444444
0.96,19.964,1013.57,-6.344444444
0.96,4.8944,1024.33,-4.694444444
0.96,3.2844,1023.82,-2.85
0.96,3.2039,1023.7,-3.322222222
0.92,4.669,1023.5,-3.822222222
0.92,4.7656,1023.3,-4.861111111
0.93,4.9266,1023.46,-7.077777778
0.92,7.9695,1023.38,-8.422222222
0.92,7.889,1023.66,-7.177777778
0.93,10.6743,1023.55,-6.838888889
0.99,11.1412,1022.88,-6.822222222
0.99,13.0732,1022.07,-6.538888889
0.92,12.9766,1020.99,-5.105555556
0.98,14.4578,1019.93,-5.355555556
0.98,13.2825,1019.53,-5.116666667
0.9,14.3934,1018.44,-3.983333333
0.99,14.4578,1017.55,-5.466666667
0.92,14.4417,1017.22,-4.294444444
0.86,15.1018,1016.28,-4.405555556
0.85,17.4524,1015.08,-4.833333333
0.85,17.4524,1014.47,-4.861111111
0.85,17.1143,1013.78,-4.644444444
0.79,20.2055,1012.89,-4.611111111
0.86,17.2431,1012.13,-4.766666667
0.95,13.2503,1002.68,-0.255555556
0.96,20.8656,1010.01,-5.961111111
0.96,20.125,1008.63,-5.183333333
0.96,23.6509,1007.41,-5.561111111
0.93,26.1303,1006.24,-4.588888889
0.92,19.9157,1005.66,-3.805555556
0.93,17.388,1005.6,-3.466666667
0.92,20.0767,1004.82,-3.744444444
0.92,21.6384,1004.05,-3.955555556
0.93,20.8817,1003.82,-3.694444444
0.99,21.8638,1003.02,-3.872222222
0.92,23.3289,1002.32,-2.666666667
0.99,21.9926,1001.81,-2.388888889
0.99,23.4416,1000.31,-2.594444444
1,26.2591,999.7,-2.944444444
0.95,23.8924,999.53,-1.872222222
0.96,21.7028,999.04,-1.744444444
0.96,20.0606,999.24,-1.616666667
0.96,14.4417,999.44,-0.666666667
0.96,13.5079,999.36,-0.572222222
0.92,10.7709,999.77,-0.022222222
0.93,13.2181,1000.16,0.111111111
0.96,13.6045,1000.01,-0.005555556
0.96,10.5777,1000.5,-0.016666667
0.96,6.6332,1007.22,-1.188888889
1,6.0053,1000.9,1.733333333
0.96,10.9802,1000.9,0.933333333
0.96,6.6815,1000.91,1.938888889
0.96,11.0124,1000.7,0.338888889
0.96,14.3612,1000.31,-0.872222222
0.93,13.5884,1000.44,0.555555556
1,16.8728,1000.07,0.016666667
1,17.6617,999.36,1.288888889
0.93,17.0177,998.95,2.9
0.93,8.2593,998.86,4.244444444
0.93,11.8818,998.29,4.844444444
0.91,21.8638,997.85,3.861111111
0.93,12.7512,999.04,4.827777778
0.89,26.7421,999.09,3.733333333
0.85,29.8333,1001.27,0.544444444
0.89,11.6886,1001.2,1.15
0.92,5.152,1003.16,1.094444444
0.92,11.753,1004.35,-2
0.92,8.9677,1004.87,-1.527777778
0.96,6.4078,1005.59,-1.227777778
0.95,12.8317,1007.1,-2.211111111
0.96,6.118,1007.17,-1.183333333
0.96,6.4239,1007.58,-1.4
0.84,10.9963,1010.48,-0.755555556
0.96,6.0858,1009.08,-1.355555556
0.96,14.1197,1009.17,-2.783333333
0.9,10.4328,1009.69,-0.511111111
0.93,15.3916,1009.8,-1.727777778
0.93,12.3165,1010.4,-1.188888889
0.98,8.4042,1010.9,-1.266666667
0.96,15.778,1011.37,-1.127777778
0.86,15.4882,1011.78,1.638888889
0.83,15.7941,1011.92,4.594444444
0.83,20.0284,1012.04,5.927777778
0.82,23.0713,1011.76,10.02222222
0.66,19.5293,1011.78,11.02222222
0.66,20.3826,1010.92,12.19444444
0.61,20.3826,1010.65,12.26111111
0.65,12.9444,1010.63,11.23333333
0.75,12.6868,1010.72,5.744444444
0.85,14.168,1010.84,4.7
0.8,13.8943,1011.25,4.65
0.74,16.9694,1010.97,4.15
0.77,17.0821,1010.89,2.722222222
0.75,13.7977,1011.02,2.433333333
0.74,13.846,1011.09,1.75
0.83,6.279,1011.08,0.977777778
0.85,13.2342,1011.91,0.622222222
0.85,11.0768,1011.07,-1.45
0.85,7.0518,1011.12,-0.311111111
0.82,10.6099,1010.74,0.238888889
0.77,11.1895,1010.39,1.283333333
0.82,9.5312,1011.73,2.922222222
0.88,9.6922,1011.79,1.888888889
0.82,14.2646,1011.82,2.027777778
0.76,12.6707,1012.79,5.527777778
0.71,9.982,1013.29,8.522222222
0.61,9.6117,1013.39,12.17222222
0.55,5.2647,1013.19,13.86111111
0.44,5.1359,1012.99,13.88333333
0.58,9.5151,1012.55,13.00555556
0.63,15.9551,1012.45,14.02777778
0.62,15.9551,1012.22,12.74444444
0.7,11.0446,1012.13,10.13333333
0.76,9.4185,1012.15,6.211111111
0.78,10.7387,1012.27,5.583333333
0.79,13.9104,1012.06,3.216666667
0.76,14.007,1012.17,3.938888889
0.76,16.583,1012.38,4.761111111
0.76,17.2753,1011.98,4.083333333
0.88,6.44,1023.5,-4.933333333
0.88,1.8193,1020.93,-4.466666667
0.92,6.3112,1022.73,-5.488888889
0.92,6.1824,1022.15,-5.405555556
0.93,6.3273,1021.77,-5.455555556
0.92,3.2522,1021.54,-2.916666667
0.93,7.9051,1021.14,-6.138888889
0.92,7.2611,1021.06,-5.85
0.92,5.0554,1020.95,-4.938888889
0.92,3.1556,1020.93,-2.894444444
0.93,4.5241,1020.75,-2.938888889
0.92,4.8461,1020.54,-4.766666667
0.92,4.6851,1020.14,-2.872222222
0.92,3.542,1020,-2.8
0.92,4.9427,1019.54,-4.766666667
0.92,4.83,1019.23,-3.838888889
0.92,4.508,1019.23,-3.75
0.85,7.6636,1019.32,-7.105555556
0.92,3.6064,1019.53,-3.888888889
0.92,7.1484,1019.81,-6.927777778
0.92,7.6475,1019.72,-7.155555556
0.92,10.5455,1020.03,-8.705555556
0.9,6.2146,1020.22,-7.183333333
0.88,3.542,1020.23,-4.35
0.82,14.1358,1011.98,1.366666667
0.86,10.4167,1011.44,3.461111111
0.88,11.0768,1011.99,0.505555556